DROP DATABASE IF EXISTS vk;
CREATE DATABASE vk;
USE vk;

DROP TABLE IF EXISTS `users`;

CREATE TABLE `users` (
  `id` bigint(20) unsigned NOT NULL AUTO_INCREMENT,
  `firstname` varchar(50) COLLATE utf8_unicode_ci DEFAULT NULL,
  `lastname` varchar(50) COLLATE utf8_unicode_ci DEFAULT NULL COMMENT 'Фамиль',
  `email` varchar(120) COLLATE utf8_unicode_ci DEFAULT NULL,
  `phone` bigint(20) DEFAULT NULL,
  PRIMARY KEY (`id`),
  UNIQUE KEY `email` (`email`),
  KEY `users_phone_idx` (`phone`),
  KEY `users_firstname_lastname_idx` (`firstname`,`lastname`)
) ENGINE=InnoDB AUTO_INCREMENT=101 DEFAULT CHARSET=utf8 COLLATE=utf8_unicode_ci;

INSERT INTO `users` (`id`, `firstname`, `lastname`, `email`, `phone`) VALUES ('1', 'Lucile', 'Gerhold', 'sonia05@example.net', '939269');
INSERT INTO `users` (`id`, `firstname`, `lastname`, `email`, `phone`) VALUES ('2', 'Thea', 'Stanton', 'schimmel.randal@example.com', '0');
INSERT INTO `users` (`id`, `firstname`, `lastname`, `email`, `phone`) VALUES ('3', 'Frederique', 'Beier', 'llewellyn.breitenberg@example.net', '271338');
INSERT INTO `users` (`id`, `firstname`, `lastname`, `email`, `phone`) VALUES ('4', 'Maribel', 'Hansen', 'runolfsdottir.verona@example.org', '20');
INSERT INTO `users` (`id`, `firstname`, `lastname`, `email`, `phone`) VALUES ('5', 'Asia', 'Spencer', 'pmaggio@example.org', '422810');
INSERT INTO `users` (`id`, `firstname`, `lastname`, `email`, `phone`) VALUES ('6', 'Carlotta', 'Smith', 'larkin.darrick@example.net', '917');
INSERT INTO `users` (`id`, `firstname`, `lastname`, `email`, `phone`) VALUES ('7', 'Wilmer', 'Cole', 'marks.bud@example.com', '0');
INSERT INTO `users` (`id`, `firstname`, `lastname`, `email`, `phone`) VALUES ('8', 'Eryn', 'Lang', 'alta.luettgen@example.org', '1');
INSERT INTO `users` (`id`, `firstname`, `lastname`, `email`, `phone`) VALUES ('9', 'Dave', 'Larkin', 'hilbert56@example.org', '5282460063');
INSERT INTO `users` (`id`, `firstname`, `lastname`, `email`, `phone`) VALUES ('10', 'Mozelle', 'Pollich', 'claudie26@example.org', '1');
INSERT INTO `users` (`id`, `firstname`, `lastname`, `email`, `phone`) VALUES ('11', 'Stan', 'Reichert', 'linda50@example.net', '1');
INSERT INTO `users` (`id`, `firstname`, `lastname`, `email`, `phone`) VALUES ('12', 'Nia', 'Dare', 'ubaumbach@example.net', '973');
INSERT INTO `users` (`id`, `firstname`, `lastname`, `email`, `phone`) VALUES ('13', 'Verdie', 'Mertz', 'walter.chesley@example.com', '0');
INSERT INTO `users` (`id`, `firstname`, `lastname`, `email`, `phone`) VALUES ('14', 'Magdalen', 'Gutmann', 'quitzon.earlene@example.net', '1');
INSERT INTO `users` (`id`, `firstname`, `lastname`, `email`, `phone`) VALUES ('15', 'Marlen', 'Skiles', 'braun.christop@example.net', '636610');
INSERT INTO `users` (`id`, `firstname`, `lastname`, `email`, `phone`) VALUES ('16', 'Cletus', 'Frami', 'raynor.delmer@example.com', '1');
INSERT INTO `users` (`id`, `firstname`, `lastname`, `email`, `phone`) VALUES ('17', 'Harvey', 'Renner', 'weston93@example.com', '0');
INSERT INTO `users` (`id`, `firstname`, `lastname`, `email`, `phone`) VALUES ('18', 'Annetta', 'Nicolas', 'tdenesik@example.net', '10');
INSERT INTO `users` (`id`, `firstname`, `lastname`, `email`, `phone`) VALUES ('19', 'Letha', 'Dickens', 'hickle.lavina@example.net', '0');
INSERT INTO `users` (`id`, `firstname`, `lastname`, `email`, `phone`) VALUES ('20', 'Vena', 'Reilly', 'riley79@example.org', '17');
INSERT INTO `users` (`id`, `firstname`, `lastname`, `email`, `phone`) VALUES ('21', 'Rod', 'Kling', 'collin.hudson@example.com', '9291226487');
INSERT INTO `users` (`id`, `firstname`, `lastname`, `email`, `phone`) VALUES ('22', 'Devyn', 'O\'Hara', 'schumm.mayra@example.com', '222650');
INSERT INTO `users` (`id`, `firstname`, `lastname`, `email`, `phone`) VALUES ('23', 'Arnulfo', 'Stracke', 'stehr.ana@example.net', '695');
INSERT INTO `users` (`id`, `firstname`, `lastname`, `email`, `phone`) VALUES ('24', 'Kolby', 'Jast', 'maci23@example.net', '0');
INSERT INTO `users` (`id`, `firstname`, `lastname`, `email`, `phone`) VALUES ('25', 'Sylvia', 'Towne', 'brekke.uriel@example.org', '1');
INSERT INTO `users` (`id`, `firstname`, `lastname`, `email`, `phone`) VALUES ('26', 'Hermann', 'Lind', 'shemar22@example.org', '49');
INSERT INTO `users` (`id`, `firstname`, `lastname`, `email`, `phone`) VALUES ('27', 'Madeline', 'Weimann', 'kstehr@example.com', '0');
INSERT INTO `users` (`id`, `firstname`, `lastname`, `email`, `phone`) VALUES ('28', 'Jayson', 'Aufderhar', 'leannon.katherine@example.com', '0');
INSERT INTO `users` (`id`, `firstname`, `lastname`, `email`, `phone`) VALUES ('29', 'Jennings', 'Kutch', 'rory37@example.com', '75');
INSERT INTO `users` (`id`, `firstname`, `lastname`, `email`, `phone`) VALUES ('30', 'Lafayette', 'Rice', 'qparisian@example.org', '1');
INSERT INTO `users` (`id`, `firstname`, `lastname`, `email`, `phone`) VALUES ('31', 'Rosella', 'Waelchi', 'isabell.price@example.net', '3786939636');
INSERT INTO `users` (`id`, `firstname`, `lastname`, `email`, `phone`) VALUES ('32', 'Lysanne', 'Block', 'ijohnston@example.com', '1');
INSERT INTO `users` (`id`, `firstname`, `lastname`, `email`, `phone`) VALUES ('33', 'Justyn', 'Hintz', 'miller.glenda@example.org', '910785');
INSERT INTO `users` (`id`, `firstname`, `lastname`, `email`, `phone`) VALUES ('34', 'Audie', 'Boyle', 'adams.carley@example.net', '579');
INSERT INTO `users` (`id`, `firstname`, `lastname`, `email`, `phone`) VALUES ('35', 'Grace', 'Reichel', 'barrows.emmanuel@example.org', '306');
INSERT INTO `users` (`id`, `firstname`, `lastname`, `email`, `phone`) VALUES ('36', 'Gilda', 'Maggio', 'mrobel@example.org', '93002');
INSERT INTO `users` (`id`, `firstname`, `lastname`, `email`, `phone`) VALUES ('37', 'Judson', 'Rowe', 'carissa.greenfelder@example.com', '974766');
INSERT INTO `users` (`id`, `firstname`, `lastname`, `email`, `phone`) VALUES ('38', 'Sibyl', 'Daniel', 'darrel74@example.org', '275');
INSERT INTO `users` (`id`, `firstname`, `lastname`, `email`, `phone`) VALUES ('39', 'Esta', 'Bahringer', 'abagail48@example.net', '0');
INSERT INTO `users` (`id`, `firstname`, `lastname`, `email`, `phone`) VALUES ('40', 'Emmitt', 'Hayes', 'casandra.becker@example.com', '781');
INSERT INTO `users` (`id`, `firstname`, `lastname`, `email`, `phone`) VALUES ('41', 'Hubert', 'Schuster', 'newell83@example.net', '0');
INSERT INTO `users` (`id`, `firstname`, `lastname`, `email`, `phone`) VALUES ('42', 'Noelia', 'Smith', 'schinner.golden@example.com', '964');
INSERT INTO `users` (`id`, `firstname`, `lastname`, `email`, `phone`) VALUES ('43', 'Fred', 'Funk', 'ppacocha@example.net', '1');
INSERT INTO `users` (`id`, `firstname`, `lastname`, `email`, `phone`) VALUES ('44', 'Toby', 'Kohler', 'mckenna.hoppe@example.com', '8376733645');
INSERT INTO `users` (`id`, `firstname`, `lastname`, `email`, `phone`) VALUES ('45', 'Cali', 'Nitzsche', 'eudora84@example.net', '47475');
INSERT INTO `users` (`id`, `firstname`, `lastname`, `email`, `phone`) VALUES ('46', 'Avis', 'Grimes', 'emory.kunde@example.com', '79');
INSERT INTO `users` (`id`, `firstname`, `lastname`, `email`, `phone`) VALUES ('47', 'Collin', 'Kiehn', 'huel.reyes@example.org', '993');
INSERT INTO `users` (`id`, `firstname`, `lastname`, `email`, `phone`) VALUES ('48', 'Anissa', 'Kris', 'block.nora@example.com', '413271');
INSERT INTO `users` (`id`, `firstname`, `lastname`, `email`, `phone`) VALUES ('49', 'Asha', 'Wintheiser', 'dboyer@example.com', '1');
INSERT INTO `users` (`id`, `firstname`, `lastname`, `email`, `phone`) VALUES ('50', 'Genevieve', 'Krajcik', 'stacey34@example.net', '0');
INSERT INTO `users` (`id`, `firstname`, `lastname`, `email`, `phone`) VALUES ('51', 'Isabell', 'Mante', 'd\'angelo26@example.org', '0');
INSERT INTO `users` (`id`, `firstname`, `lastname`, `email`, `phone`) VALUES ('52', 'Lucas', 'Kulas', 'marquardt.mayra@example.org', '35');
INSERT INTO `users` (`id`, `firstname`, `lastname`, `email`, `phone`) VALUES ('53', 'Alexandrine', 'McGlynn', 'skyla.waters@example.com', '1');
INSERT INTO `users` (`id`, `firstname`, `lastname`, `email`, `phone`) VALUES ('54', 'Ted', 'Haag', 'jschaden@example.org', '3570237795');
INSERT INTO `users` (`id`, `firstname`, `lastname`, `email`, `phone`) VALUES ('55', 'Penelope', 'Balistreri', 'smurphy@example.org', '899314');
INSERT INTO `users` (`id`, `firstname`, `lastname`, `email`, `phone`) VALUES ('56', 'Keith', 'Schaden', 'o\'connell.zora@example.org', '0');
INSERT INTO `users` (`id`, `firstname`, `lastname`, `email`, `phone`) VALUES ('57', 'Kaelyn', 'Luettgen', 'delbert73@example.net', '689');
INSERT INTO `users` (`id`, `firstname`, `lastname`, `email`, `phone`) VALUES ('58', 'Barrett', 'Thiel', 'camille.gutkowski@example.org', '0');
INSERT INTO `users` (`id`, `firstname`, `lastname`, `email`, `phone`) VALUES ('59', 'Gabe', 'Weissnat', 'xaufderhar@example.com', '0');
INSERT INTO `users` (`id`, `firstname`, `lastname`, `email`, `phone`) VALUES ('60', 'Kaya', 'Heller', 'hal11@example.net', '1');
INSERT INTO `users` (`id`, `firstname`, `lastname`, `email`, `phone`) VALUES ('61', 'Felton', 'Murazik', 'sammie37@example.com', '1');
INSERT INTO `users` (`id`, `firstname`, `lastname`, `email`, `phone`) VALUES ('62', 'Richard', 'Turcotte', 'oprohaska@example.net', '9630115207');
INSERT INTO `users` (`id`, `firstname`, `lastname`, `email`, `phone`) VALUES ('63', 'Selena', 'Will', 'skautzer@example.org', '9413250505');
INSERT INTO `users` (`id`, `firstname`, `lastname`, `email`, `phone`) VALUES ('64', 'Rowland', 'Abshire', 'murphy.earnestine@example.net', '301');
INSERT INTO `users` (`id`, `firstname`, `lastname`, `email`, `phone`) VALUES ('65', 'Mona', 'Will', 'larkin.elmer@example.org', '522');
INSERT INTO `users` (`id`, `firstname`, `lastname`, `email`, `phone`) VALUES ('66', 'Giuseppe', 'Feest', 'qbecker@example.com', '1');
INSERT INTO `users` (`id`, `firstname`, `lastname`, `email`, `phone`) VALUES ('67', 'Timmy', 'Wuckert', 'sibyl25@example.org', '614502176');
INSERT INTO `users` (`id`, `firstname`, `lastname`, `email`, `phone`) VALUES ('68', 'Lurline', 'Tremblay', 'murl89@example.com', '506');
INSERT INTO `users` (`id`, `firstname`, `lastname`, `email`, `phone`) VALUES ('69', 'Martine', 'Schmitt', 'ova.nolan@example.net', '283948');
INSERT INTO `users` (`id`, `firstname`, `lastname`, `email`, `phone`) VALUES ('70', 'Wilton', 'Kertzmann', 'chadrick83@example.com', '0');
INSERT INTO `users` (`id`, `firstname`, `lastname`, `email`, `phone`) VALUES ('71', 'Anastacio', 'Nicolas', 'bnicolas@example.org', '149');
INSERT INTO `users` (`id`, `firstname`, `lastname`, `email`, `phone`) VALUES ('72', 'Manley', 'Ortiz', 'cummings.fae@example.net', '0');
INSERT INTO `users` (`id`, `firstname`, `lastname`, `email`, `phone`) VALUES ('73', 'Garrett', 'Bechtelar', 'amely.senger@example.com', '0');
INSERT INTO `users` (`id`, `firstname`, `lastname`, `email`, `phone`) VALUES ('74', 'Katarina', 'Dickens', 'hintz.bridget@example.com', '0');
INSERT INTO `users` (`id`, `firstname`, `lastname`, `email`, `phone`) VALUES ('75', 'Evert', 'Schaefer', 'chesley06@example.com', '457893488');
INSERT INTO `users` (`id`, `firstname`, `lastname`, `email`, `phone`) VALUES ('76', 'Chanel', 'Emmerich', 'keira.fay@example.com', '1');
INSERT INTO `users` (`id`, `firstname`, `lastname`, `email`, `phone`) VALUES ('77', 'Ona', 'Weimann', 'brain91@example.org', '957932');
INSERT INTO `users` (`id`, `firstname`, `lastname`, `email`, `phone`) VALUES ('78', 'Tiana', 'Hilll', 'crystal66@example.net', '5056832798');
INSERT INTO `users` (`id`, `firstname`, `lastname`, `email`, `phone`) VALUES ('79', 'Jeremie', 'Borer', 'louisa95@example.net', '432479');
INSERT INTO `users` (`id`, `firstname`, `lastname`, `email`, `phone`) VALUES ('80', 'Ashly', 'Franecki', 'kling.zachary@example.org', '55');
INSERT INTO `users` (`id`, `firstname`, `lastname`, `email`, `phone`) VALUES ('81', 'Carissa', 'Turner', 'ken83@example.com', '51');
INSERT INTO `users` (`id`, `firstname`, `lastname`, `email`, `phone`) VALUES ('82', 'Yadira', 'Bruen', 'caitlyn.mcglynn@example.net', '1');
INSERT INTO `users` (`id`, `firstname`, `lastname`, `email`, `phone`) VALUES ('83', 'Aurelio', 'Rutherford', 'windler.alivia@example.org', '380');
INSERT INTO `users` (`id`, `firstname`, `lastname`, `email`, `phone`) VALUES ('84', 'Aron', 'Kemmer', 'orn.thea@example.org', '592');
INSERT INTO `users` (`id`, `firstname`, `lastname`, `email`, `phone`) VALUES ('85', 'Carlee', 'Boehm', 'beer.jerrold@example.org', '0');
INSERT INTO `users` (`id`, `firstname`, `lastname`, `email`, `phone`) VALUES ('86', 'Dock', 'Adams', 'hosea.blick@example.org', '731');
INSERT INTO `users` (`id`, `firstname`, `lastname`, `email`, `phone`) VALUES ('87', 'Eldred', 'Okuneva', 'bonnie86@example.com', '593387188');
INSERT INTO `users` (`id`, `firstname`, `lastname`, `email`, `phone`) VALUES ('88', 'Granville', 'Fadel', 'hahn.moses@example.org', '1');
INSERT INTO `users` (`id`, `firstname`, `lastname`, `email`, `phone`) VALUES ('89', 'Donnell', 'Gulgowski', 'vonrueden.amalia@example.net', '171981');
INSERT INTO `users` (`id`, `firstname`, `lastname`, `email`, `phone`) VALUES ('90', 'Garrison', 'Quigley', 'stamm.patience@example.net', '20192');
INSERT INTO `users` (`id`, `firstname`, `lastname`, `email`, `phone`) VALUES ('91', 'Crystal', 'Schmitt', 'alvis.denesik@example.com', '0');
INSERT INTO `users` (`id`, `firstname`, `lastname`, `email`, `phone`) VALUES ('92', 'Julius', 'Skiles', 'schumm.elwin@example.net', '197150');
INSERT INTO `users` (`id`, `firstname`, `lastname`, `email`, `phone`) VALUES ('93', 'Sarah', 'Bogan', 'nina.gutmann@example.org', '0');
INSERT INTO `users` (`id`, `firstname`, `lastname`, `email`, `phone`) VALUES ('94', 'Tabitha', 'Fahey', 'anastasia.koepp@example.com', '15');
INSERT INTO `users` (`id`, `firstname`, `lastname`, `email`, `phone`) VALUES ('95', 'Braxton', 'Schowalter', 'greenholt.bonita@example.net', '1');
INSERT INTO `users` (`id`, `firstname`, `lastname`, `email`, `phone`) VALUES ('96', 'Stephania', 'Funk', 'rippin.brenna@example.com', '604852');
INSERT INTO `users` (`id`, `firstname`, `lastname`, `email`, `phone`) VALUES ('97', 'Darlene', 'Bednar', 'alba.kirlin@example.org', '48');
INSERT INTO `users` (`id`, `firstname`, `lastname`, `email`, `phone`) VALUES ('98', 'Margarete', 'Okuneva', 'deanna.goyette@example.com', '191');
INSERT INTO `users` (`id`, `firstname`, `lastname`, `email`, `phone`) VALUES ('99', 'Ronny', 'Hansen', 'martina32@example.net', '0');
INSERT INTO `users` (`id`, `firstname`, `lastname`, `email`, `phone`) VALUES ('100', 'Clifford', 'Williamson', 'athiel@example.org', '59');

CREATE TABLE `profiles` (
  `user_id` bigint(20) unsigned NOT NULL AUTO_INCREMENT,
  `gender` char(1) COLLATE utf8_unicode_ci DEFAULT NULL,
  `birthday` date DEFAULT NULL,
  `photo_id` bigint(20) unsigned DEFAULT NULL,
  `created_at` datetime DEFAULT current_timestamp(),
  `hometown` varchar(100) COLLATE utf8_unicode_ci DEFAULT NULL,
  PRIMARY KEY (`user_id`),
  CONSTRAINT `profiles_ibfk_1` FOREIGN KEY (`user_id`) REFERENCES `users` (`id`) ON UPDATE CASCADE
) ENGINE=InnoDB AUTO_INCREMENT=101 DEFAULT CHARSET=utf8 COLLATE=utf8_unicode_ci;

INSERT INTO `profiles` (`user_id`, `gender`, `birthday`, `photo_id`, `created_at`, `hometown`) VALUES ('1', 'W', '2008-12-22', '3', '1981-04-17 19:17:53', NULL);
INSERT INTO `profiles` (`user_id`, `gender`, `birthday`, `photo_id`, `created_at`, `hometown`) VALUES ('2', 'W', '2020-02-09', '91800', '1996-04-28 12:25:35', NULL);
INSERT INTO `profiles` (`user_id`, `gender`, `birthday`, `photo_id`, `created_at`, `hometown`) VALUES ('3', 'M', '2012-05-02', '8951681', '1972-11-07 02:14:56', NULL);
INSERT INTO `profiles` (`user_id`, `gender`, `birthday`, `photo_id`, `created_at`, `hometown`) VALUES ('4', 'M', '1979-08-22', '19', '2015-05-22 23:44:42', NULL);
INSERT INTO `profiles` (`user_id`, `gender`, `birthday`, `photo_id`, `created_at`, `hometown`) VALUES ('5', 'M', '1973-07-01', '226631', '1975-12-23 17:06:44', NULL);
INSERT INTO `profiles` (`user_id`, `gender`, `birthday`, `photo_id`, `created_at`, `hometown`) VALUES ('6', 'M', '2003-07-13', '820675', '2016-01-10 14:55:44', NULL);
INSERT INTO `profiles` (`user_id`, `gender`, `birthday`, `photo_id`, `created_at`, `hometown`) VALUES ('7', 'M', '1990-12-18', '6903', '1972-09-28 11:38:33', NULL);
INSERT INTO `profiles` (`user_id`, `gender`, `birthday`, `photo_id`, `created_at`, `hometown`) VALUES ('8', 'M', '2011-10-15', '5358', '2000-12-05 22:03:07', NULL);
INSERT INTO `profiles` (`user_id`, `gender`, `birthday`, `photo_id`, `created_at`, `hometown`) VALUES ('9', 'W', '1987-08-26', '744293157', '2001-06-18 15:01:42', NULL);
INSERT INTO `profiles` (`user_id`, `gender`, `birthday`, `photo_id`, `created_at`, `hometown`) VALUES ('10', 'M', '2018-01-27', '4306', '1984-08-25 12:51:47', NULL);
INSERT INTO `profiles` (`user_id`, `gender`, `birthday`, `photo_id`, `created_at`, `hometown`) VALUES ('11', 'W', '1978-12-06', '796794', '1996-03-16 15:11:29', NULL);
INSERT INTO `profiles` (`user_id`, `gender`, `birthday`, `photo_id`, `created_at`, `hometown`) VALUES ('12', 'W', '1982-09-23', '8', '1990-09-24 20:19:57', NULL);
INSERT INTO `profiles` (`user_id`, `gender`, `birthday`, `photo_id`, `created_at`, `hometown`) VALUES ('13', 'M', '1994-11-25', '37', '1982-06-15 14:22:11', NULL);
INSERT INTO `profiles` (`user_id`, `gender`, `birthday`, `photo_id`, `created_at`, `hometown`) VALUES ('14', 'W', '2002-01-18', '44', '1999-11-02 18:06:59', NULL);
INSERT INTO `profiles` (`user_id`, `gender`, `birthday`, `photo_id`, `created_at`, `hometown`) VALUES ('15', 'W', '1977-11-27', '1', '1980-02-13 15:19:31', NULL);
INSERT INTO `profiles` (`user_id`, `gender`, `birthday`, `photo_id`, `created_at`, `hometown`) VALUES ('16', 'W', '1974-10-11', '0', '2018-11-11 11:04:19', NULL);
INSERT INTO `profiles` (`user_id`, `gender`, `birthday`, `photo_id`, `created_at`, `hometown`) VALUES ('17', 'M', '1994-11-10', '988654968', '1979-05-17 19:27:23', NULL);
INSERT INTO `profiles` (`user_id`, `gender`, `birthday`, `photo_id`, `created_at`, `hometown`) VALUES ('18', 'M', '2008-12-02', '833044014', '2009-04-26 01:01:30', NULL);
INSERT INTO `profiles` (`user_id`, `gender`, `birthday`, `photo_id`, `created_at`, `hometown`) VALUES ('19', 'W', '2003-07-11', '9683241', '1993-10-13 05:34:21', NULL);
INSERT INTO `profiles` (`user_id`, `gender`, `birthday`, `photo_id`, `created_at`, `hometown`) VALUES ('20', 'W', '1991-12-16', '921326128', '1989-12-10 07:35:02', NULL);
INSERT INTO `profiles` (`user_id`, `gender`, `birthday`, `photo_id`, `created_at`, `hometown`) VALUES ('21', 'W', '1970-05-27', '65', '2001-04-03 08:43:58', NULL);
INSERT INTO `profiles` (`user_id`, `gender`, `birthday`, `photo_id`, `created_at`, `hometown`) VALUES ('22', 'M', '1985-06-16', '45831', '2002-09-11 12:38:56', NULL);
INSERT INTO `profiles` (`user_id`, `gender`, `birthday`, `photo_id`, `created_at`, `hometown`) VALUES ('23', 'M', '1976-07-20', '376', '2002-06-24 14:24:53', NULL);
INSERT INTO `profiles` (`user_id`, `gender`, `birthday`, `photo_id`, `created_at`, `hometown`) VALUES ('24', 'M', '1991-04-14', '9150', '2000-12-26 20:35:30', NULL);
INSERT INTO `profiles` (`user_id`, `gender`, `birthday`, `photo_id`, `created_at`, `hometown`) VALUES ('25', 'W', '2009-09-15', '55967', '2002-04-15 14:52:50', NULL);
INSERT INTO `profiles` (`user_id`, `gender`, `birthday`, `photo_id`, `created_at`, `hometown`) VALUES ('26', 'M', '2010-05-11', '5', '1993-06-02 17:18:10', NULL);
INSERT INTO `profiles` (`user_id`, `gender`, `birthday`, `photo_id`, `created_at`, `hometown`) VALUES ('27', 'W', '2001-12-31', '177431', '1973-10-18 03:38:12', NULL);
INSERT INTO `profiles` (`user_id`, `gender`, `birthday`, `photo_id`, `created_at`, `hometown`) VALUES ('28', 'W', '1995-02-06', '659829', '2006-07-03 23:08:20', NULL);
INSERT INTO `profiles` (`user_id`, `gender`, `birthday`, `photo_id`, `created_at`, `hometown`) VALUES ('29', 'W', '2012-01-09', '1', '1990-05-05 19:59:44', NULL);
INSERT INTO `profiles` (`user_id`, `gender`, `birthday`, `photo_id`, `created_at`, `hometown`) VALUES ('30', 'M', '2006-02-26', '6', '1986-01-11 04:21:33', NULL);
INSERT INTO `profiles` (`user_id`, `gender`, `birthday`, `photo_id`, `created_at`, `hometown`) VALUES ('31', 'M', '1993-01-16', '389198484', '1979-06-19 01:22:21', NULL);
INSERT INTO `profiles` (`user_id`, `gender`, `birthday`, `photo_id`, `created_at`, `hometown`) VALUES ('32', 'M', '2015-07-20', '114351', '1984-05-21 01:41:03', NULL);
INSERT INTO `profiles` (`user_id`, `gender`, `birthday`, `photo_id`, `created_at`, `hometown`) VALUES ('33', 'W', '1995-04-06', '65', '1994-04-29 21:52:24', NULL);
INSERT INTO `profiles` (`user_id`, `gender`, `birthday`, `photo_id`, `created_at`, `hometown`) VALUES ('34', 'M', '2006-09-12', '84', '2016-10-05 13:21:53', NULL);
INSERT INTO `profiles` (`user_id`, `gender`, `birthday`, `photo_id`, `created_at`, `hometown`) VALUES ('35', 'M', '2013-01-13', '72840169', '2015-03-03 21:11:18', NULL);
INSERT INTO `profiles` (`user_id`, `gender`, `birthday`, `photo_id`, `created_at`, `hometown`) VALUES ('36', 'M', '1978-10-08', '75960325', '1998-02-10 15:01:38', NULL);
INSERT INTO `profiles` (`user_id`, `gender`, `birthday`, `photo_id`, `created_at`, `hometown`) VALUES ('37', 'W', '1987-11-20', '922280', '1993-09-26 15:47:53', NULL);
INSERT INTO `profiles` (`user_id`, `gender`, `birthday`, `photo_id`, `created_at`, `hometown`) VALUES ('38', 'W', '2006-02-18', '0', '1975-03-07 22:22:54', NULL);
INSERT INTO `profiles` (`user_id`, `gender`, `birthday`, `photo_id`, `created_at`, `hometown`) VALUES ('39', 'M', '1978-06-28', '92', '2006-06-16 05:50:42', NULL);
INSERT INTO `profiles` (`user_id`, `gender`, `birthday`, `photo_id`, `created_at`, `hometown`) VALUES ('40', 'M', '1989-09-29', '7499253', '1982-09-09 16:19:38', NULL);
INSERT INTO `profiles` (`user_id`, `gender`, `birthday`, `photo_id`, `created_at`, `hometown`) VALUES ('41', 'M', '1982-12-27', '8975786', '2005-05-07 22:56:58', NULL);
INSERT INTO `profiles` (`user_id`, `gender`, `birthday`, `photo_id`, `created_at`, `hometown`) VALUES ('42', 'W', '1989-12-19', '4957952', '1980-02-04 12:37:37', NULL);
INSERT INTO `profiles` (`user_id`, `gender`, `birthday`, `photo_id`, `created_at`, `hometown`) VALUES ('43', 'M', '1978-01-09', '3418', '1992-07-25 09:39:04', NULL);
INSERT INTO `profiles` (`user_id`, `gender`, `birthday`, `photo_id`, `created_at`, `hometown`) VALUES ('44', 'M', '2014-11-21', '1729461', '2014-08-15 21:12:11', NULL);
INSERT INTO `profiles` (`user_id`, `gender`, `birthday`, `photo_id`, `created_at`, `hometown`) VALUES ('45', 'M', '2019-11-23', '405469477', '1998-10-20 16:45:33', NULL);
INSERT INTO `profiles` (`user_id`, `gender`, `birthday`, `photo_id`, `created_at`, `hometown`) VALUES ('46', 'W', '2013-02-18', '15', '2004-05-15 18:50:43', NULL);
INSERT INTO `profiles` (`user_id`, `gender`, `birthday`, `photo_id`, `created_at`, `hometown`) VALUES ('47', 'M', '1987-03-06', '7444', '2012-11-17 10:23:10', NULL);
INSERT INTO `profiles` (`user_id`, `gender`, `birthday`, `photo_id`, `created_at`, `hometown`) VALUES ('48', 'W', '1988-03-21', '547227', '2003-12-22 08:13:44', NULL);
INSERT INTO `profiles` (`user_id`, `gender`, `birthday`, `photo_id`, `created_at`, `hometown`) VALUES ('49', 'M', '1984-11-15', '96', '1975-01-15 16:34:48', NULL);
INSERT INTO `profiles` (`user_id`, `gender`, `birthday`, `photo_id`, `created_at`, `hometown`) VALUES ('50', 'W', '2009-09-30', '2538195', '1983-03-10 04:44:03', NULL);
INSERT INTO `profiles` (`user_id`, `gender`, `birthday`, `photo_id`, `created_at`, `hometown`) VALUES ('51', 'W', '2002-03-12', '214476725', '2020-01-26 04:04:54', NULL);
INSERT INTO `profiles` (`user_id`, `gender`, `birthday`, `photo_id`, `created_at`, `hometown`) VALUES ('52', 'W', '1979-11-12', '791', '2002-05-14 00:58:42', NULL);
INSERT INTO `profiles` (`user_id`, `gender`, `birthday`, `photo_id`, `created_at`, `hometown`) VALUES ('53', 'M', '1994-10-08', '2', '2015-06-01 18:13:32', NULL);
INSERT INTO `profiles` (`user_id`, `gender`, `birthday`, `photo_id`, `created_at`, `hometown`) VALUES ('54', 'W', '1987-11-29', '57455', '2000-05-12 13:04:36', NULL);
INSERT INTO `profiles` (`user_id`, `gender`, `birthday`, `photo_id`, `created_at`, `hometown`) VALUES ('55', 'W', '1988-06-15', '66629985', '2005-10-13 12:55:27', NULL);
INSERT INTO `profiles` (`user_id`, `gender`, `birthday`, `photo_id`, `created_at`, `hometown`) VALUES ('56', 'W', '1983-10-03', '191', '1982-01-10 12:48:45', NULL);
INSERT INTO `profiles` (`user_id`, `gender`, `birthday`, `photo_id`, `created_at`, `hometown`) VALUES ('57', 'M', '1994-09-19', '1335707', '1977-04-30 09:26:09', NULL);
INSERT INTO `profiles` (`user_id`, `gender`, `birthday`, `photo_id`, `created_at`, `hometown`) VALUES ('58', 'W', '1978-11-16', '3137', '1989-04-17 07:22:52', NULL);
INSERT INTO `profiles` (`user_id`, `gender`, `birthday`, `photo_id`, `created_at`, `hometown`) VALUES ('59', 'M', '1996-03-09', '0', '2016-02-23 19:06:30', NULL);
INSERT INTO `profiles` (`user_id`, `gender`, `birthday`, `photo_id`, `created_at`, `hometown`) VALUES ('60', 'W', '1982-10-04', '9', '2016-05-23 10:34:41', NULL);
INSERT INTO `profiles` (`user_id`, `gender`, `birthday`, `photo_id`, `created_at`, `hometown`) VALUES ('61', 'M', '1982-06-22', '2063777', '1978-10-15 08:12:38', NULL);
INSERT INTO `profiles` (`user_id`, `gender`, `birthday`, `photo_id`, `created_at`, `hometown`) VALUES ('62', 'M', '1991-06-17', '525102', '2003-01-27 01:09:43', NULL);
INSERT INTO `profiles` (`user_id`, `gender`, `birthday`, `photo_id`, `created_at`, `hometown`) VALUES ('63', 'M', '2002-02-20', '72307', '1974-06-17 03:11:53', NULL);
INSERT INTO `profiles` (`user_id`, `gender`, `birthday`, `photo_id`, `created_at`, `hometown`) VALUES ('64', 'W', '1989-06-10', '8599659', '2009-10-24 01:03:28', NULL);
INSERT INTO `profiles` (`user_id`, `gender`, `birthday`, `photo_id`, `created_at`, `hometown`) VALUES ('65', 'W', '2008-02-22', '251', '2015-04-06 17:33:25', NULL);
INSERT INTO `profiles` (`user_id`, `gender`, `birthday`, `photo_id`, `created_at`, `hometown`) VALUES ('66', 'M', '1990-10-21', '6744', '2003-02-11 09:40:44', NULL);
INSERT INTO `profiles` (`user_id`, `gender`, `birthday`, `photo_id`, `created_at`, `hometown`) VALUES ('67', 'M', '1970-11-10', '25367061', '1995-04-03 03:35:48', NULL);
INSERT INTO `profiles` (`user_id`, `gender`, `birthday`, `photo_id`, `created_at`, `hometown`) VALUES ('68', 'M', '2018-03-02', '249', '1972-08-28 03:19:55', NULL);
INSERT INTO `profiles` (`user_id`, `gender`, `birthday`, `photo_id`, `created_at`, `hometown`) VALUES ('69', 'M', '2013-09-11', '640664', '1983-08-04 04:14:33', NULL);
INSERT INTO `profiles` (`user_id`, `gender`, `birthday`, `photo_id`, `created_at`, `hometown`) VALUES ('70', 'M', '1978-10-30', '3582909', '2009-03-11 14:08:34', NULL);
INSERT INTO `profiles` (`user_id`, `gender`, `birthday`, `photo_id`, `created_at`, `hometown`) VALUES ('71', 'W', '2001-01-05', '0', '1985-07-20 01:04:30', NULL);
INSERT INTO `profiles` (`user_id`, `gender`, `birthday`, `photo_id`, `created_at`, `hometown`) VALUES ('72', 'W', '1989-11-13', '5680348', '1976-05-02 08:56:25', NULL);
INSERT INTO `profiles` (`user_id`, `gender`, `birthday`, `photo_id`, `created_at`, `hometown`) VALUES ('73', 'W', '1999-01-18', '79017036', '1981-07-03 02:39:06', NULL);
INSERT INTO `profiles` (`user_id`, `gender`, `birthday`, `photo_id`, `created_at`, `hometown`) VALUES ('74', 'W', '1971-12-19', '9547', '2006-06-10 16:36:41', NULL);
INSERT INTO `profiles` (`user_id`, `gender`, `birthday`, `photo_id`, `created_at`, `hometown`) VALUES ('75', 'M', '1991-08-01', '150', '1971-05-30 21:24:20', NULL);
INSERT INTO `profiles` (`user_id`, `gender`, `birthday`, `photo_id`, `created_at`, `hometown`) VALUES ('76', 'W', '2019-05-20', '1', '1993-07-06 01:29:52', NULL);
INSERT INTO `profiles` (`user_id`, `gender`, `birthday`, `photo_id`, `created_at`, `hometown`) VALUES ('77', 'W', '2000-11-15', '438124504', '1978-11-10 12:56:37', NULL);
INSERT INTO `profiles` (`user_id`, `gender`, `birthday`, `photo_id`, `created_at`, `hometown`) VALUES ('78', 'W', '2002-12-17', '589', '1975-11-08 19:26:19', NULL);
INSERT INTO `profiles` (`user_id`, `gender`, `birthday`, `photo_id`, `created_at`, `hometown`) VALUES ('79', 'W', '2005-12-13', '5242118', '1972-06-22 01:38:16', NULL);
INSERT INTO `profiles` (`user_id`, `gender`, `birthday`, `photo_id`, `created_at`, `hometown`) VALUES ('80', 'W', '1982-02-25', '47684', '1980-09-30 08:19:00', NULL);
INSERT INTO `profiles` (`user_id`, `gender`, `birthday`, `photo_id`, `created_at`, `hometown`) VALUES ('81', 'W', '1999-05-27', '396559', '1970-09-12 20:01:13', NULL);
INSERT INTO `profiles` (`user_id`, `gender`, `birthday`, `photo_id`, `created_at`, `hometown`) VALUES ('82', 'W', '1984-11-16', '839472', '2005-09-27 10:36:06', NULL);
INSERT INTO `profiles` (`user_id`, `gender`, `birthday`, `photo_id`, `created_at`, `hometown`) VALUES ('83', 'M', '2008-11-03', '2', '1997-04-25 20:43:12', NULL);
INSERT INTO `profiles` (`user_id`, `gender`, `birthday`, `photo_id`, `created_at`, `hometown`) VALUES ('84', 'W', '1984-08-10', '2038689', '2010-11-21 07:34:21', NULL);
INSERT INTO `profiles` (`user_id`, `gender`, `birthday`, `photo_id`, `created_at`, `hometown`) VALUES ('85', 'W', '2019-07-10', '37', '1972-05-23 14:56:57', NULL);
INSERT INTO `profiles` (`user_id`, `gender`, `birthday`, `photo_id`, `created_at`, `hometown`) VALUES ('86', 'W', '1998-05-28', '0', '1971-01-21 15:46:21', NULL);
INSERT INTO `profiles` (`user_id`, `gender`, `birthday`, `photo_id`, `created_at`, `hometown`) VALUES ('87', 'M', '1978-05-11', '17336331', '1982-05-25 18:44:03', NULL);
INSERT INTO `profiles` (`user_id`, `gender`, `birthday`, `photo_id`, `created_at`, `hometown`) VALUES ('88', 'W', '1993-05-28', '70', '1970-05-05 06:21:48', NULL);
INSERT INTO `profiles` (`user_id`, `gender`, `birthday`, `photo_id`, `created_at`, `hometown`) VALUES ('89', 'W', '1973-09-23', '55431884', '1977-07-09 16:01:35', NULL);
INSERT INTO `profiles` (`user_id`, `gender`, `birthday`, `photo_id`, `created_at`, `hometown`) VALUES ('90', 'M', '1976-10-26', '0', '2003-06-01 01:08:24', NULL);
INSERT INTO `profiles` (`user_id`, `gender`, `birthday`, `photo_id`, `created_at`, `hometown`) VALUES ('91', 'M', '1990-10-14', '387', '2009-02-03 05:53:01', NULL);
INSERT INTO `profiles` (`user_id`, `gender`, `birthday`, `photo_id`, `created_at`, `hometown`) VALUES ('92', 'M', '2018-10-13', '491249', '1997-05-22 08:26:15', NULL);
INSERT INTO `profiles` (`user_id`, `gender`, `birthday`, `photo_id`, `created_at`, `hometown`) VALUES ('93', 'M', '1970-05-24', '0', '1976-09-24 00:21:35', NULL);
INSERT INTO `profiles` (`user_id`, `gender`, `birthday`, `photo_id`, `created_at`, `hometown`) VALUES ('94', 'M', '2009-01-12', '128440995', '2009-02-10 16:32:25', NULL);
INSERT INTO `profiles` (`user_id`, `gender`, `birthday`, `photo_id`, `created_at`, `hometown`) VALUES ('95', 'M', '2006-06-05', '87827792', '1997-06-02 18:21:07', NULL);
INSERT INTO `profiles` (`user_id`, `gender`, `birthday`, `photo_id`, `created_at`, `hometown`) VALUES ('96', 'M', '1990-03-23', '358628', '1980-12-06 13:56:59', NULL);
INSERT INTO `profiles` (`user_id`, `gender`, `birthday`, `photo_id`, `created_at`, `hometown`) VALUES ('97', 'M', '1987-08-28', '1', '2009-12-30 17:54:19', NULL);
INSERT INTO `profiles` (`user_id`, `gender`, `birthday`, `photo_id`, `created_at`, `hometown`) VALUES ('98', 'W', '1987-05-03', '5', '1981-07-16 15:31:39', NULL);
INSERT INTO `profiles` (`user_id`, `gender`, `birthday`, `photo_id`, `created_at`, `hometown`) VALUES ('99', 'W', '2003-11-08', '5832', '1973-12-04 15:41:36', NULL);
INSERT INTO `profiles` (`user_id`, `gender`, `birthday`, `photo_id`, `created_at`, `hometown`) VALUES ('100', 'W', '1984-08-11', '85253706', '1993-12-04 19:38:46', NULL);

CREATE TABLE `messages` (
  `id` bigint(20) unsigned NOT NULL AUTO_INCREMENT,
  `from_user_id` bigint(20) unsigned NOT NULL,
  `to_user_id` bigint(20) unsigned NOT NULL,
  `body` text COLLATE utf8_unicode_ci DEFAULT NULL,
  `created_at` datetime DEFAULT current_timestamp(),
  PRIMARY KEY (`id`),
  KEY `messages_from_user_id` (`from_user_id`),
  KEY `messages_to_user_id` (`to_user_id`),
  CONSTRAINT `messages_ibfk_1` FOREIGN KEY (`from_user_id`) REFERENCES `users` (`id`),
  CONSTRAINT `messages_ibfk_2` FOREIGN KEY (`to_user_id`) REFERENCES `users` (`id`)
) ENGINE=InnoDB AUTO_INCREMENT=101 DEFAULT CHARSET=utf8 COLLATE=utf8_unicode_ci;

INSERT INTO `messages` (`id`, `from_user_id`, `to_user_id`, `body`, `created_at`) VALUES ('1', '1', '1', 'Quo sed rerum est sapiente. Et est dignissimos voluptates voluptas. Optio vitae soluta et sunt velit officia.', '1989-05-01 18:57:31');
INSERT INTO `messages` (`id`, `from_user_id`, `to_user_id`, `body`, `created_at`) VALUES ('2', '2', '2', 'Autem sit ut libero. Quibusdam omnis corrupti maiores labore. Labore qui qui sequi dignissimos. Alias aspernatur officia libero officia.', '2003-03-20 20:05:15');
INSERT INTO `messages` (`id`, `from_user_id`, `to_user_id`, `body`, `created_at`) VALUES ('3', '3', '3', 'Esse quo aut amet quo. Optio voluptatum iusto corporis enim quam ut accusantium. Id doloribus eaque voluptas voluptatem. Sequi aliquam beatae facere nobis cumque illo.', '1995-06-19 14:54:59');
INSERT INTO `messages` (`id`, `from_user_id`, `to_user_id`, `body`, `created_at`) VALUES ('4', '4', '4', 'Voluptates qui dolores sint aut labore. Ducimus autem rerum et autem ad ut et. Sit quae consectetur ipsa alias nesciunt eaque qui expedita. A voluptates enim voluptatem quidem aut laborum porro impedit.', '2010-10-20 05:39:04');
INSERT INTO `messages` (`id`, `from_user_id`, `to_user_id`, `body`, `created_at`) VALUES ('5', '5', '5', 'Cum consequuntur necessitatibus distinctio facere. Cumque sunt voluptas iste et nobis. Quaerat non molestiae est quis quos voluptatem eos.', '2004-05-30 05:20:43');
INSERT INTO `messages` (`id`, `from_user_id`, `to_user_id`, `body`, `created_at`) VALUES ('6', '6', '6', 'Culpa ipsa dolores hic. Et quasi voluptatem aut qui rerum rerum deleniti ad. Dignissimos sunt voluptatum error voluptatum veritatis unde sed. Voluptatem est voluptatibus non debitis.', '1981-10-27 11:42:40');
INSERT INTO `messages` (`id`, `from_user_id`, `to_user_id`, `body`, `created_at`) VALUES ('7', '7', '7', 'Fugiat voluptatem pariatur quibusdam vitae vero fugiat. Rerum quidem laboriosam sed. Harum tempore rerum nobis deleniti. Alias a sit rerum aut omnis omnis.', '1975-06-10 14:56:46');
INSERT INTO `messages` (`id`, `from_user_id`, `to_user_id`, `body`, `created_at`) VALUES ('8', '8', '8', 'Molestiae rerum officia ducimus ut totam dolorem ut. Quos eos tempore praesentium aut distinctio. At fugiat alias optio voluptate soluta laborum. Quisquam earum ipsa qui tempore.', '1995-09-23 12:32:29');
INSERT INTO `messages` (`id`, `from_user_id`, `to_user_id`, `body`, `created_at`) VALUES ('9', '9', '9', 'Ut accusantium in dolorem ipsa molestiae. Illo sint blanditiis tempora saepe et. Sit iure quaerat et officia quia velit iure.', '1990-05-10 08:44:47');
INSERT INTO `messages` (`id`, `from_user_id`, `to_user_id`, `body`, `created_at`) VALUES ('10', '10', '10', 'Rerum nisi consequatur et ut id omnis. Vitae expedita illum consequatur sed reiciendis voluptas ipsum porro. Quidem rerum incidunt non est aut tempora aliquam.', '2001-02-03 02:27:51');
INSERT INTO `messages` (`id`, `from_user_id`, `to_user_id`, `body`, `created_at`) VALUES ('11', '11', '11', 'Non maxime vero rem harum aut tenetur cupiditate. Fugiat animi numquam est reprehenderit. Voluptatem illum aut molestiae consequuntur culpa.', '1994-09-29 20:03:41');
INSERT INTO `messages` (`id`, `from_user_id`, `to_user_id`, `body`, `created_at`) VALUES ('12', '12', '12', 'Perferendis natus voluptatem rerum est excepturi impedit quos. Maxime et dignissimos ipsa et aut et cupiditate. Quod adipisci temporibus nam enim aut quia. Nihil qui illo aut excepturi voluptates corrupti occaecati.', '1971-07-19 07:29:55');
INSERT INTO `messages` (`id`, `from_user_id`, `to_user_id`, `body`, `created_at`) VALUES ('13', '13', '13', 'Ut maiores qui voluptas quia. Voluptatem rerum consequuntur autem qui omnis. Omnis harum maiores libero velit non vel temporibus.', '1999-11-08 05:47:52');
INSERT INTO `messages` (`id`, `from_user_id`, `to_user_id`, `body`, `created_at`) VALUES ('14', '14', '14', 'Repudiandae aut quisquam ut maiores qui pariatur. Aliquam cum alias ut sit blanditiis dicta. Est est numquam laborum alias et incidunt. Maiores dicta vitae consequatur sit totam.', '2016-04-18 02:11:28');
INSERT INTO `messages` (`id`, `from_user_id`, `to_user_id`, `body`, `created_at`) VALUES ('15', '15', '15', 'Est error vel earum culpa non debitis voluptatem. Ut quia illo impedit debitis quia distinctio cum. Totam quo voluptatem veniam delectus nulla molestiae. Delectus ea et minima quia molestiae. Quia magnam est dignissimos possimus commodi.', '1985-11-22 06:56:06');
INSERT INTO `messages` (`id`, `from_user_id`, `to_user_id`, `body`, `created_at`) VALUES ('16', '16', '16', 'Cum magni quia vel quo ut. Rem qui illo quo maiores dolores autem. Pariatur adipisci sed laborum totam culpa qui sed.', '1979-06-03 15:33:11');
INSERT INTO `messages` (`id`, `from_user_id`, `to_user_id`, `body`, `created_at`) VALUES ('17', '17', '17', 'Aspernatur hic totam esse quaerat suscipit optio excepturi. Molestiae ullam adipisci distinctio autem. Officia nostrum voluptas sint ea fuga veritatis odio. Asperiores voluptatem doloribus facere quis.', '1974-06-29 05:20:03');
INSERT INTO `messages` (`id`, `from_user_id`, `to_user_id`, `body`, `created_at`) VALUES ('18', '18', '18', 'Cupiditate numquam laudantium nemo dicta facere eos vel. Minus aliquam deserunt culpa excepturi ea in. Reprehenderit nemo perspiciatis consequatur tempora explicabo. Sint recusandae quos occaecati.', '1993-11-02 03:39:56');
INSERT INTO `messages` (`id`, `from_user_id`, `to_user_id`, `body`, `created_at`) VALUES ('19', '19', '19', 'Quam a rerum delectus error facilis. Omnis illo tempore corporis odio. Quisquam ullam est sit sed molestiae. Et atque sapiente dignissimos autem.', '1978-12-12 15:43:56');
INSERT INTO `messages` (`id`, `from_user_id`, `to_user_id`, `body`, `created_at`) VALUES ('20', '20', '20', 'Accusantium distinctio adipisci deserunt ab. Necessitatibus mollitia aut nisi incidunt hic quas dolorem hic.', '1992-07-19 02:29:20');
INSERT INTO `messages` (`id`, `from_user_id`, `to_user_id`, `body`, `created_at`) VALUES ('21', '21', '21', 'Doloremque omnis est ut. Expedita hic nesciunt voluptatem tempora. Suscipit nihil inventore dolor ad ipsum exercitationem.', '2004-12-15 06:25:06');
INSERT INTO `messages` (`id`, `from_user_id`, `to_user_id`, `body`, `created_at`) VALUES ('22', '22', '22', 'Maxime saepe sed accusamus eligendi qui sequi. Ut reprehenderit tenetur in aut. Doloremque enim non dolor aperiam saepe iusto.', '1976-06-18 00:47:45');
INSERT INTO `messages` (`id`, `from_user_id`, `to_user_id`, `body`, `created_at`) VALUES ('23', '23', '23', 'Nemo libero molestiae distinctio corporis. Ut ipsam ipsam fuga quasi qui doloribus voluptatem nobis. Dolores aut sint magnam itaque perspiciatis sed nulla. Rerum iusto et sequi repellendus quis amet.', '1980-03-02 14:54:08');
INSERT INTO `messages` (`id`, `from_user_id`, `to_user_id`, `body`, `created_at`) VALUES ('24', '24', '24', 'Facilis veniam quasi cum voluptatum et incidunt et dolorum. Delectus quo a quis qui et. Quis commodi corporis ratione architecto dolorum non.', '1996-12-13 07:27:53');
INSERT INTO `messages` (`id`, `from_user_id`, `to_user_id`, `body`, `created_at`) VALUES ('25', '25', '25', 'Aut perferendis necessitatibus iusto quod doloremque eum enim. Perferendis maiores vel ipsum molestiae repudiandae.', '2016-06-03 21:43:51');
INSERT INTO `messages` (`id`, `from_user_id`, `to_user_id`, `body`, `created_at`) VALUES ('26', '26', '26', 'Rem dolorem est velit voluptatibus numquam voluptatem sed quidem. Aut ratione dolorum architecto cupiditate provident quos aut. Aut eaque eum sit assumenda ea eius.', '2013-11-30 20:47:11');
INSERT INTO `messages` (`id`, `from_user_id`, `to_user_id`, `body`, `created_at`) VALUES ('27', '27', '27', 'Est blanditiis quasi aut quo. Omnis voluptas molestiae aut harum. Eos harum odio asperiores iste.', '2016-08-14 22:39:14');
INSERT INTO `messages` (`id`, `from_user_id`, `to_user_id`, `body`, `created_at`) VALUES ('28', '28', '28', 'Recusandae quia voluptatem consequatur ullam placeat. Omnis et doloremque sed aperiam. Inventore aut in et voluptatem quis dolorem. Qui sit sint modi natus. Iure soluta ut aut iste voluptate suscipit ut.', '1993-06-17 19:08:20');
INSERT INTO `messages` (`id`, `from_user_id`, `to_user_id`, `body`, `created_at`) VALUES ('29', '29', '29', 'Officia ut rerum quis aut. Sit dolor laboriosam iure culpa necessitatibus omnis. Libero non odio modi ex. Id est animi est doloribus. Nostrum illo nostrum quas quam unde.', '2019-02-09 00:53:34');
INSERT INTO `messages` (`id`, `from_user_id`, `to_user_id`, `body`, `created_at`) VALUES ('30', '30', '30', 'Exercitationem ab minima numquam quidem aut sit. Est eaque explicabo aut occaecati. Similique doloribus sunt esse sequi adipisci. Expedita at id dolore dignissimos aperiam aut dolores.', '2018-01-21 07:56:19');
INSERT INTO `messages` (`id`, `from_user_id`, `to_user_id`, `body`, `created_at`) VALUES ('31', '31', '31', 'Optio aut aliquid beatae dolorem. Tempora amet voluptatem est adipisci delectus soluta necessitatibus. Consequatur ut quae non.', '1991-04-30 01:29:41');
INSERT INTO `messages` (`id`, `from_user_id`, `to_user_id`, `body`, `created_at`) VALUES ('32', '32', '32', 'Quasi sed id quo dolorem. Eveniet reprehenderit tempora quisquam reiciendis temporibus non in qui. Dolorem tempora sit quisquam similique sit.', '1982-07-23 18:09:38');
INSERT INTO `messages` (`id`, `from_user_id`, `to_user_id`, `body`, `created_at`) VALUES ('33', '33', '33', 'Dolorum aut in et est fugit nihil. Fuga iusto alias qui nulla iste ut.', '1973-09-23 13:00:22');
INSERT INTO `messages` (`id`, `from_user_id`, `to_user_id`, `body`, `created_at`) VALUES ('34', '34', '34', 'Voluptates quod excepturi assumenda voluptatem ea laudantium. Qui sapiente et ea dolorem corrupti qui esse adipisci. Sed sunt omnis molestiae quae assumenda possimus voluptatem. Fuga non commodi quia ut incidunt necessitatibus.', '1991-03-02 07:17:21');
INSERT INTO `messages` (`id`, `from_user_id`, `to_user_id`, `body`, `created_at`) VALUES ('35', '35', '35', 'Dolore omnis natus possimus praesentium quidem et. Aut consequatur ratione quia harum et tempore. Aut aut rerum sunt placeat eos cupiditate.', '1992-05-27 08:03:58');
INSERT INTO `messages` (`id`, `from_user_id`, `to_user_id`, `body`, `created_at`) VALUES ('36', '36', '36', 'Doloremque possimus corrupti vero accusantium est. Non corrupti voluptas sed consequuntur sint architecto error. Ipsam est quasi cumque alias itaque. Et ipsam sit fugiat ipsum aut velit. Soluta temporibus ab vel sequi.', '1994-06-22 08:22:41');
INSERT INTO `messages` (`id`, `from_user_id`, `to_user_id`, `body`, `created_at`) VALUES ('37', '37', '37', 'Et est corporis eius. Porro harum voluptatem deserunt itaque corporis ab ea est. Delectus qui iure unde voluptatem. Placeat illo quasi et consequatur esse.', '1973-01-11 18:00:23');
INSERT INTO `messages` (`id`, `from_user_id`, `to_user_id`, `body`, `created_at`) VALUES ('38', '38', '38', 'Rerum praesentium ducimus minima quia quia qui. Ipsum deserunt suscipit sunt ut voluptatum aut nostrum. Optio aut voluptatem inventore autem et eum saepe animi.', '2008-03-07 08:59:58');
INSERT INTO `messages` (`id`, `from_user_id`, `to_user_id`, `body`, `created_at`) VALUES ('39', '39', '39', 'Quia quibusdam quod voluptate animi. Eaque cumque non sed occaecati cumque molestiae. At nobis dolores ipsam esse et. Nihil rerum architecto repellendus aut ea.', '1972-03-27 04:28:00');
INSERT INTO `messages` (`id`, `from_user_id`, `to_user_id`, `body`, `created_at`) VALUES ('40', '40', '40', 'Distinctio esse dolore sed dolorum numquam voluptatibus. Possimus doloremque ea aut. Deleniti sit voluptas sint non hic omnis. Eos asperiores et dolores facere et vitae.', '2020-04-07 04:42:51');
INSERT INTO `messages` (`id`, `from_user_id`, `to_user_id`, `body`, `created_at`) VALUES ('41', '41', '41', 'Laboriosam ratione magni est ut pariatur. Explicabo eum impedit ipsam culpa enim. Ipsa explicabo hic dolorem velit non corrupti.', '2004-06-29 20:16:13');
INSERT INTO `messages` (`id`, `from_user_id`, `to_user_id`, `body`, `created_at`) VALUES ('42', '42', '42', 'Eius doloremque officiis veniam autem odio sunt. Rerum inventore nisi eum et non dolor. Quia voluptas ducimus asperiores fuga vel rerum. Qui eaque omnis perferendis numquam accusantium.', '1982-12-11 15:38:29');
INSERT INTO `messages` (`id`, `from_user_id`, `to_user_id`, `body`, `created_at`) VALUES ('43', '43', '43', 'Quam sint est quo molestias ipsam. Dolorem et consectetur numquam labore labore.', '1977-10-18 02:04:51');
INSERT INTO `messages` (`id`, `from_user_id`, `to_user_id`, `body`, `created_at`) VALUES ('44', '44', '44', 'Sit tempore ipsam reprehenderit quae facilis. Minus in nulla voluptatibus. Corrupti facilis voluptatem provident nihil cumque eveniet.', '2009-09-19 02:07:03');
INSERT INTO `messages` (`id`, `from_user_id`, `to_user_id`, `body`, `created_at`) VALUES ('45', '45', '45', 'Quisquam quam mollitia quibusdam. Porro aut et non error velit placeat. Dicta aut laborum voluptatem et aliquam et laborum. Nesciunt provident voluptatem illo eos explicabo eveniet.', '2005-04-12 02:23:44');
INSERT INTO `messages` (`id`, `from_user_id`, `to_user_id`, `body`, `created_at`) VALUES ('46', '46', '46', 'Labore nobis architecto sed qui minus. Aut suscipit ex dolorem voluptatem et ipsam veniam velit. Maxime consequatur voluptatem ut dolorem molestiae. Corporis laudantium ullam consectetur.', '1988-02-13 15:50:17');
INSERT INTO `messages` (`id`, `from_user_id`, `to_user_id`, `body`, `created_at`) VALUES ('47', '47', '47', 'In est ad et qui sed facilis. Laboriosam et consectetur placeat voluptatum maiores blanditiis quidem. Natus perferendis quaerat repellendus alias.', '1990-06-24 11:57:37');
INSERT INTO `messages` (`id`, `from_user_id`, `to_user_id`, `body`, `created_at`) VALUES ('48', '48', '48', 'Possimus quo excepturi velit quo et illum. Enim autem ut enim odio consequuntur. Aperiam adipisci corporis nemo et rerum magni temporibus. Enim quis ea dignissimos necessitatibus cumque error rerum.', '1987-04-26 20:37:20');
INSERT INTO `messages` (`id`, `from_user_id`, `to_user_id`, `body`, `created_at`) VALUES ('49', '49', '49', 'Ut ipsa velit voluptatem necessitatibus distinctio autem facilis. Et accusantium reprehenderit dolorum est sit. Officiis cumque porro ex explicabo laudantium dicta. Perferendis et nobis praesentium fugit officia laboriosam. Pariatur tempore labore deserunt ex.', '1983-08-17 12:49:50');
INSERT INTO `messages` (`id`, `from_user_id`, `to_user_id`, `body`, `created_at`) VALUES ('50', '50', '50', 'Occaecati deleniti at magni doloribus pariatur qui nihil dolores. Aspernatur assumenda est repudiandae perspiciatis ut. Et nisi nihil et.', '1990-09-27 20:38:20');
INSERT INTO `messages` (`id`, `from_user_id`, `to_user_id`, `body`, `created_at`) VALUES ('51', '51', '51', 'Sunt temporibus commodi dolorum illo. Fuga laudantium aut sunt a. Error dolorem molestiae autem nisi. Similique eius illum a. Laborum ut nobis neque blanditiis.', '2007-09-29 03:20:54');
INSERT INTO `messages` (`id`, `from_user_id`, `to_user_id`, `body`, `created_at`) VALUES ('52', '52', '52', 'Inventore nihil laudantium et aut rerum veniam est. Nulla repellat ut consectetur assumenda. Id magni a modi consequatur perspiciatis nulla. Quaerat aut aut atque veniam est.', '2009-08-29 23:23:17');
INSERT INTO `messages` (`id`, `from_user_id`, `to_user_id`, `body`, `created_at`) VALUES ('53', '53', '53', 'Maxime unde impedit rerum libero blanditiis minima maiores. Modi voluptatem quidem cumque debitis similique nisi nisi. Qui illo totam nihil est voluptatum. Deserunt aliquam quibusdam reprehenderit quia. Nulla odit maiores delectus hic voluptatem quia ea velit.', '2011-07-09 11:09:23');
INSERT INTO `messages` (`id`, `from_user_id`, `to_user_id`, `body`, `created_at`) VALUES ('54', '54', '54', 'Labore aut quo maiores voluptatem eum inventore. Saepe hic similique ducimus qui nesciunt assumenda. Est quasi qui tenetur laboriosam id. Iusto nisi soluta quos quaerat.', '2017-07-03 09:22:23');
INSERT INTO `messages` (`id`, `from_user_id`, `to_user_id`, `body`, `created_at`) VALUES ('55', '55', '55', 'Enim aliquid cumque temporibus est culpa debitis voluptate. Voluptas qui nihil quia delectus in. Et minima voluptatibus est distinctio. Dolorem cumque ipsa ea tempore et.', '2020-01-15 07:49:54');
INSERT INTO `messages` (`id`, `from_user_id`, `to_user_id`, `body`, `created_at`) VALUES ('56', '56', '56', 'Ea commodi eum perspiciatis hic libero iusto eum. Beatae harum minima quam et. Reprehenderit illum aut ducimus voluptate nostrum veniam.', '1979-07-20 11:24:38');
INSERT INTO `messages` (`id`, `from_user_id`, `to_user_id`, `body`, `created_at`) VALUES ('57', '57', '57', 'Exercitationem velit sint nemo doloremque eligendi deserunt. Vel ex quo voluptas. Cumque qui voluptas voluptate voluptatum rerum deleniti. Aut provident quam reiciendis eum tempora voluptatum.', '2015-12-14 16:27:42');
INSERT INTO `messages` (`id`, `from_user_id`, `to_user_id`, `body`, `created_at`) VALUES ('58', '58', '58', 'Ut ipsum nihil optio. Laboriosam reprehenderit expedita illo id soluta praesentium omnis.', '1982-02-10 19:43:23');
INSERT INTO `messages` (`id`, `from_user_id`, `to_user_id`, `body`, `created_at`) VALUES ('59', '59', '59', 'Possimus voluptatibus quibusdam et earum quas voluptatem. Illum ducimus nulla perferendis sunt omnis provident quas. Fugiat asperiores consectetur asperiores harum est quasi.', '2010-12-18 23:43:28');
INSERT INTO `messages` (`id`, `from_user_id`, `to_user_id`, `body`, `created_at`) VALUES ('60', '60', '60', 'Sit facilis fugit sapiente cum accusamus harum necessitatibus sed. Aspernatur dolor id voluptatem qui voluptates provident. Omnis deserunt magnam et voluptates minima. Minus eligendi debitis qui maiores voluptas alias aut.', '1992-09-27 01:42:56');
INSERT INTO `messages` (`id`, `from_user_id`, `to_user_id`, `body`, `created_at`) VALUES ('61', '61', '61', 'Et praesentium nihil ut harum cupiditate corporis minus. Exercitationem saepe accusamus quis incidunt. Eligendi unde illum id nam velit voluptatum.', '2005-01-15 07:59:07');
INSERT INTO `messages` (`id`, `from_user_id`, `to_user_id`, `body`, `created_at`) VALUES ('62', '62', '62', 'Deleniti sunt illum quo in eius repudiandae rerum. Est autem et quia ab praesentium. Veritatis quae magni laboriosam qui est. Minus nobis itaque qui.', '2000-06-05 13:52:10');
INSERT INTO `messages` (`id`, `from_user_id`, `to_user_id`, `body`, `created_at`) VALUES ('63', '63', '63', 'Qui sed deleniti et ipsa vero dolore. Repellat officia nesciunt ullam cum.', '1986-11-20 14:32:49');
INSERT INTO `messages` (`id`, `from_user_id`, `to_user_id`, `body`, `created_at`) VALUES ('64', '64', '64', 'Consectetur vitae sit et eaque quia numquam incidunt. Dolorum consequatur eos enim quaerat voluptatum aut enim. Deleniti qui impedit consequuntur repudiandae officiis. Odio unde commodi ut beatae temporibus laborum.', '1981-06-24 06:18:24');
INSERT INTO `messages` (`id`, `from_user_id`, `to_user_id`, `body`, `created_at`) VALUES ('65', '65', '65', 'Vero odit delectus aut et. Eaque sit molestiae totam voluptatum voluptatem.', '1987-06-09 06:37:17');
INSERT INTO `messages` (`id`, `from_user_id`, `to_user_id`, `body`, `created_at`) VALUES ('66', '66', '66', 'Incidunt explicabo amet ipsa veritatis odio odio voluptate. Omnis eveniet et eaque tempora aliquam nostrum. Aperiam qui dolorum et natus rem.', '1982-04-25 17:47:05');
INSERT INTO `messages` (`id`, `from_user_id`, `to_user_id`, `body`, `created_at`) VALUES ('67', '67', '67', 'Laboriosam aut corrupti non nostrum distinctio nam dolore est. Et praesentium architecto dolorum earum repudiandae quibusdam. Exercitationem id aut adipisci autem.', '1999-05-12 08:29:53');
INSERT INTO `messages` (`id`, `from_user_id`, `to_user_id`, `body`, `created_at`) VALUES ('68', '68', '68', 'Odio quidem aut est autem dolorum esse commodi est. Sequi incidunt placeat et sed. Quasi labore est corrupti ut quo suscipit sint.', '1993-04-25 03:21:23');
INSERT INTO `messages` (`id`, `from_user_id`, `to_user_id`, `body`, `created_at`) VALUES ('69', '69', '69', 'Est quod omnis hic eveniet magnam rem. Sequi sunt voluptas nulla ad qui molestiae et. Aspernatur in laudantium sit aut rerum quidem veniam. Occaecati libero quas repellat velit magni.', '1991-12-20 09:00:38');
INSERT INTO `messages` (`id`, `from_user_id`, `to_user_id`, `body`, `created_at`) VALUES ('70', '70', '70', 'Voluptatem non molestiae officiis temporibus assumenda qui. Quia inventore itaque sequi omnis aspernatur omnis.', '2000-06-15 05:28:16');
INSERT INTO `messages` (`id`, `from_user_id`, `to_user_id`, `body`, `created_at`) VALUES ('71', '71', '71', 'Error maiores ea itaque libero optio iste. Enim sapiente expedita libero dolorem. Non doloremque ipsam dolorem qui et qui quos. Et fuga alias aut tempora consequatur neque voluptas.', '1982-11-30 17:20:45');
INSERT INTO `messages` (`id`, `from_user_id`, `to_user_id`, `body`, `created_at`) VALUES ('72', '72', '72', 'Laboriosam rerum fugiat quasi a praesentium. Possimus veritatis ab harum omnis facilis error et. Illo rerum minus voluptatem dicta velit doloribus.', '1987-06-10 08:15:44');
INSERT INTO `messages` (`id`, `from_user_id`, `to_user_id`, `body`, `created_at`) VALUES ('73', '73', '73', 'Omnis quibusdam debitis velit vitae. Accusamus sunt aliquid minus illum odit quasi quaerat. Molestiae fugit omnis voluptatibus consequatur sunt ea. Explicabo et dolor ratione tempora consequuntur inventore. Qui et ex minima tenetur qui nemo dolore.', '2000-01-21 23:06:11');
INSERT INTO `messages` (`id`, `from_user_id`, `to_user_id`, `body`, `created_at`) VALUES ('74', '74', '74', 'Quia quaerat quis autem sed sit adipisci quas. Et voluptas et qui similique non tempore cum corporis. Possimus ea ipsam error.', '2007-10-03 19:42:39');
INSERT INTO `messages` (`id`, `from_user_id`, `to_user_id`, `body`, `created_at`) VALUES ('75', '75', '75', 'Quibusdam voluptas quos hic. Voluptas consequuntur numquam esse et et. Recusandae commodi occaecati quod et et possimus. Vero iste fugiat in reprehenderit.', '1991-01-02 22:43:01');
INSERT INTO `messages` (`id`, `from_user_id`, `to_user_id`, `body`, `created_at`) VALUES ('76', '76', '76', 'Laudantium reprehenderit dolores voluptatem. Vel nihil voluptatem voluptatibus eum autem. Quo vel et voluptas.', '2002-11-06 13:44:05');
INSERT INTO `messages` (`id`, `from_user_id`, `to_user_id`, `body`, `created_at`) VALUES ('77', '77', '77', 'Et qui et labore libero iure laudantium fugiat consequatur. Explicabo atque earum nesciunt similique. Laborum eius pariatur reiciendis omnis nostrum.', '2018-03-17 17:28:42');
INSERT INTO `messages` (`id`, `from_user_id`, `to_user_id`, `body`, `created_at`) VALUES ('78', '78', '78', 'Itaque vero dolorem velit neque non occaecati. Consequatur deleniti sit sit et aliquid dolorem earum. Quas repellendus blanditiis consequatur dolores. Assumenda voluptas molestiae eum ullam.', '1972-01-11 15:21:46');
INSERT INTO `messages` (`id`, `from_user_id`, `to_user_id`, `body`, `created_at`) VALUES ('79', '79', '79', 'Temporibus veniam nam maxime autem molestiae voluptatibus. Modi architecto debitis inventore deleniti nisi praesentium et aut. Delectus dolor inventore veniam.', '2017-05-20 02:45:45');
INSERT INTO `messages` (`id`, `from_user_id`, `to_user_id`, `body`, `created_at`) VALUES ('80', '80', '80', 'Et exercitationem aut accusamus dolor ex ex cumque. Quibusdam dolorum dolorum molestiae voluptatem ea. Alias sit qui error vel exercitationem nobis. Quis ipsa numquam dicta ipsam.', '1975-01-10 12:41:34');
INSERT INTO `messages` (`id`, `from_user_id`, `to_user_id`, `body`, `created_at`) VALUES ('81', '81', '81', 'Id cum non voluptas ad voluptas reiciendis reiciendis ut. Quaerat quas et amet sit nobis eos. Sed reprehenderit eius non sed sunt quod fugiat.', '1972-06-13 19:11:55');
INSERT INTO `messages` (`id`, `from_user_id`, `to_user_id`, `body`, `created_at`) VALUES ('82', '82', '82', 'Aspernatur placeat ut quia quia sed est qui. Quibusdam consequuntur fuga nostrum pariatur. Ab cumque laudantium et enim quis illo ullam exercitationem.', '2002-03-28 03:28:08');
INSERT INTO `messages` (`id`, `from_user_id`, `to_user_id`, `body`, `created_at`) VALUES ('83', '83', '83', 'Corporis optio eos voluptatibus velit quis animi esse. Neque et autem in voluptas. Minus fugit repellat unde doloribus consequatur omnis in sunt. Quidem modi aperiam nisi id. Et quia ut harum eaque quia ullam.', '1980-09-01 15:12:03');
INSERT INTO `messages` (`id`, `from_user_id`, `to_user_id`, `body`, `created_at`) VALUES ('84', '84', '84', 'Quas enim quis soluta sequi. Et vero illum eligendi quia. Iusto architecto praesentium assumenda fugiat provident aperiam hic. Delectus dicta eum fuga.', '2014-08-12 07:01:03');
INSERT INTO `messages` (`id`, `from_user_id`, `to_user_id`, `body`, `created_at`) VALUES ('85', '85', '85', 'Laudantium rerum nemo in voluptas. Fugit dolorum ut minus. Sed deserunt possimus hic ducimus ex veritatis nemo fuga. Sequi amet et iure fugit. Rem consequatur temporibus iusto et qui modi minima non.', '1999-03-14 08:59:58');
INSERT INTO `messages` (`id`, `from_user_id`, `to_user_id`, `body`, `created_at`) VALUES ('86', '86', '86', 'Et quos quaerat ut cupiditate voluptas minus repellendus. Eius consequatur non iste qui iure beatae. At nemo fuga sapiente non voluptas saepe similique. Ad non praesentium natus placeat.', '1975-06-19 10:51:59');
INSERT INTO `messages` (`id`, `from_user_id`, `to_user_id`, `body`, `created_at`) VALUES ('87', '87', '87', 'Id ut in ea consequatur autem reprehenderit. Quia quis sit ea corrupti suscipit quas autem eos. Consectetur eum voluptas tenetur consequuntur libero aut quia minima. Id qui quam laudantium dolorem et qui necessitatibus.', '1981-01-28 17:15:36');
INSERT INTO `messages` (`id`, `from_user_id`, `to_user_id`, `body`, `created_at`) VALUES ('88', '88', '88', 'Numquam cupiditate ratione ex magni explicabo quis eos eaque. Non sed voluptatem ut. Magni similique itaque ratione. Assumenda quod quis quibusdam architecto iure eaque.', '2013-04-06 03:07:31');
INSERT INTO `messages` (`id`, `from_user_id`, `to_user_id`, `body`, `created_at`) VALUES ('89', '89', '89', 'Sunt rerum aut saepe laudantium sed magnam reprehenderit. Nam aperiam non recusandae labore quo. Iusto ea nesciunt quasi necessitatibus voluptas dicta. Fugit quisquam minima corrupti fugiat voluptatum.', '2002-05-14 02:56:30');
INSERT INTO `messages` (`id`, `from_user_id`, `to_user_id`, `body`, `created_at`) VALUES ('90', '90', '90', 'Ut alias saepe et. Hic sunt illum velit laboriosam est in quia. Enim corrupti consequatur provident rem veniam.', '1980-01-22 13:34:14');
INSERT INTO `messages` (`id`, `from_user_id`, `to_user_id`, `body`, `created_at`) VALUES ('91', '91', '91', 'Ipsa dolores quasi ducimus in vel deleniti. Quam est recusandae placeat id repudiandae modi tenetur aut. Minima voluptatibus consequuntur dolorem.', '1972-02-21 03:56:37');
INSERT INTO `messages` (`id`, `from_user_id`, `to_user_id`, `body`, `created_at`) VALUES ('92', '92', '92', 'Mollitia id eos tenetur totam. Et culpa aut omnis deserunt omnis cumque enim. Quia officiis non perferendis voluptatem ducimus. Ad corporis repellat quas hic recusandae. Aperiam est magnam aut distinctio asperiores.', '2002-07-04 15:38:11');
INSERT INTO `messages` (`id`, `from_user_id`, `to_user_id`, `body`, `created_at`) VALUES ('93', '93', '93', 'Voluptatibus voluptatem impedit eum dolor itaque perspiciatis. Voluptatibus libero laborum repellendus soluta et aut sit. Itaque ut qui molestiae aperiam cumque.', '2016-01-08 08:03:22');
INSERT INTO `messages` (`id`, `from_user_id`, `to_user_id`, `body`, `created_at`) VALUES ('94', '94', '94', 'In sit quas reiciendis quam autem est adipisci. Sunt modi amet omnis. Aut et perferendis repellendus atque facilis.', '2018-07-21 18:15:10');
INSERT INTO `messages` (`id`, `from_user_id`, `to_user_id`, `body`, `created_at`) VALUES ('95', '95', '95', 'Odit dolores iste occaecati consequatur sit aut eaque. Culpa impedit animi a eligendi a officiis iste. Hic aut perspiciatis minima aut rerum aut.', '1978-02-12 23:21:59');
INSERT INTO `messages` (`id`, `from_user_id`, `to_user_id`, `body`, `created_at`) VALUES ('96', '96', '96', 'Sint et non ullam voluptas. Voluptatem error aut consectetur sed non odit sit. Ducimus et recusandae quisquam eveniet. Voluptatem voluptatem saepe quisquam aliquid.', '2016-01-18 23:41:32');
INSERT INTO `messages` (`id`, `from_user_id`, `to_user_id`, `body`, `created_at`) VALUES ('97', '97', '97', 'Praesentium hic sit voluptas laudantium voluptatem unde pariatur. Sunt ut aliquam fugiat quo ut ipsum sit ex.', '1998-08-12 15:10:50');
INSERT INTO `messages` (`id`, `from_user_id`, `to_user_id`, `body`, `created_at`) VALUES ('98', '98', '98', 'Ab dolor beatae architecto molestiae porro. Alias hic quis repellendus reiciendis nostrum. Et est autem est omnis.', '1974-05-14 23:47:32');
INSERT INTO `messages` (`id`, `from_user_id`, `to_user_id`, `body`, `created_at`) VALUES ('99', '99', '99', 'Similique magni magnam explicabo sunt magnam. Aliquid eos aliquam et aut consequuntur ipsum et. Sed et consequuntur odio atque similique.', '2008-03-29 16:08:48');
INSERT INTO `messages` (`id`, `from_user_id`, `to_user_id`, `body`, `created_at`) VALUES ('100', '100', '100', 'Ratione id harum porro ipsum placeat ad impedit nesciunt. Dignissimos ea adipisci ut. Accusantium quibusdam incidunt deleniti nulla rerum. Qui ab nesciunt recusandae rerum. Quis ea hic cumque aliquam consectetur culpa.', '1984-12-06 01:17:49');

DROP TABLE IF EXISTS `friend_requests`;

CREATE TABLE `friend_requests` (
  `initiator_user_id` bigint(20) unsigned NOT NULL,
  `target_user_id` bigint(20) unsigned NOT NULL,
  `status` enum('requested','approved','unfriended','declined') COLLATE utf8_unicode_ci DEFAULT NULL,
  `requested_at` datetime DEFAULT current_timestamp(),
  `confirmed_at` datetime DEFAULT NULL,
  PRIMARY KEY (`initiator_user_id`,`target_user_id`),
  KEY `initiator_user_id` (`initiator_user_id`),
  KEY `target_user_id` (`target_user_id`),
  CONSTRAINT `friend_requests_ibfk_1` FOREIGN KEY (`initiator_user_id`) REFERENCES `users` (`id`),
  CONSTRAINT `friend_requests_ibfk_2` FOREIGN KEY (`target_user_id`) REFERENCES `users` (`id`)
) ENGINE=InnoDB DEFAULT CHARSET=utf8 COLLATE=utf8_unicode_ci;

INSERT INTO `friend_requests` (`initiator_user_id`, `target_user_id`, `status`, `requested_at`, `confirmed_at`) VALUES ('1', '1', 'unfriended', '1974-03-18 21:23:01', '1974-02-28 15:34:00');
INSERT INTO `friend_requests` (`initiator_user_id`, `target_user_id`, `status`, `requested_at`, `confirmed_at`) VALUES ('2', '2', 'approved', '2002-11-17 23:13:44', '1984-06-06 06:09:25');
INSERT INTO `friend_requests` (`initiator_user_id`, `target_user_id`, `status`, `requested_at`, `confirmed_at`) VALUES ('3', '3', 'approved', '1989-06-25 14:29:03', '1971-12-27 14:53:44');
INSERT INTO `friend_requests` (`initiator_user_id`, `target_user_id`, `status`, `requested_at`, `confirmed_at`) VALUES ('4', '4', 'approved', '2015-12-14 18:21:55', '1973-03-06 13:36:21');
INSERT INTO `friend_requests` (`initiator_user_id`, `target_user_id`, `status`, `requested_at`, `confirmed_at`) VALUES ('5', '5', 'declined', '2016-07-12 03:35:10', '2009-02-01 22:54:46');
INSERT INTO `friend_requests` (`initiator_user_id`, `target_user_id`, `status`, `requested_at`, `confirmed_at`) VALUES ('6', '6', 'declined', '1977-05-01 22:22:47', '2017-11-10 07:16:13');
INSERT INTO `friend_requests` (`initiator_user_id`, `target_user_id`, `status`, `requested_at`, `confirmed_at`) VALUES ('7', '7', 'requested', '1996-07-27 08:16:22', '2008-10-22 03:43:52');
INSERT INTO `friend_requests` (`initiator_user_id`, `target_user_id`, `status`, `requested_at`, `confirmed_at`) VALUES ('8', '8', 'approved', '2016-01-31 20:19:52', '1987-07-27 10:11:56');
INSERT INTO `friend_requests` (`initiator_user_id`, `target_user_id`, `status`, `requested_at`, `confirmed_at`) VALUES ('9', '9', 'approved', '1976-07-24 08:13:41', '1983-11-10 20:28:59');
INSERT INTO `friend_requests` (`initiator_user_id`, `target_user_id`, `status`, `requested_at`, `confirmed_at`) VALUES ('10', '10', 'unfriended', '1983-07-21 22:52:14', '1993-09-15 18:47:18');
INSERT INTO `friend_requests` (`initiator_user_id`, `target_user_id`, `status`, `requested_at`, `confirmed_at`) VALUES ('11', '11', 'declined', '2016-04-12 16:57:33', '1989-02-12 13:41:09');
INSERT INTO `friend_requests` (`initiator_user_id`, `target_user_id`, `status`, `requested_at`, `confirmed_at`) VALUES ('12', '12', 'unfriended', '1976-11-14 18:56:25', '1999-06-15 05:37:33');
INSERT INTO `friend_requests` (`initiator_user_id`, `target_user_id`, `status`, `requested_at`, `confirmed_at`) VALUES ('13', '13', 'approved', '2007-05-28 22:54:21', '1980-03-20 05:59:10');
INSERT INTO `friend_requests` (`initiator_user_id`, `target_user_id`, `status`, `requested_at`, `confirmed_at`) VALUES ('14', '14', 'approved', '1970-09-02 12:37:51', '1978-08-08 01:28:55');
INSERT INTO `friend_requests` (`initiator_user_id`, `target_user_id`, `status`, `requested_at`, `confirmed_at`) VALUES ('15', '15', 'unfriended', '1996-03-06 23:06:40', '1975-03-29 07:48:07');
INSERT INTO `friend_requests` (`initiator_user_id`, `target_user_id`, `status`, `requested_at`, `confirmed_at`) VALUES ('16', '16', 'approved', '1991-01-30 20:42:44', '1973-05-06 09:07:00');
INSERT INTO `friend_requests` (`initiator_user_id`, `target_user_id`, `status`, `requested_at`, `confirmed_at`) VALUES ('17', '17', 'approved', '2018-02-15 03:34:02', '1978-07-09 00:11:52');
INSERT INTO `friend_requests` (`initiator_user_id`, `target_user_id`, `status`, `requested_at`, `confirmed_at`) VALUES ('18', '18', 'unfriended', '2000-09-07 21:14:35', '2006-10-27 05:16:10');
INSERT INTO `friend_requests` (`initiator_user_id`, `target_user_id`, `status`, `requested_at`, `confirmed_at`) VALUES ('19', '19', 'requested', '1973-11-08 21:57:06', '1985-08-23 21:38:36');
INSERT INTO `friend_requests` (`initiator_user_id`, `target_user_id`, `status`, `requested_at`, `confirmed_at`) VALUES ('20', '20', 'declined', '2019-10-13 05:34:01', '1973-12-26 11:20:31');
INSERT INTO `friend_requests` (`initiator_user_id`, `target_user_id`, `status`, `requested_at`, `confirmed_at`) VALUES ('21', '21', 'unfriended', '1991-03-21 02:45:12', '2000-10-07 21:10:39');
INSERT INTO `friend_requests` (`initiator_user_id`, `target_user_id`, `status`, `requested_at`, `confirmed_at`) VALUES ('22', '22', 'declined', '2017-01-05 07:57:45', '1990-04-04 13:47:12');
INSERT INTO `friend_requests` (`initiator_user_id`, `target_user_id`, `status`, `requested_at`, `confirmed_at`) VALUES ('23', '23', 'approved', '1999-07-29 01:51:22', '1989-01-11 11:48:47');
INSERT INTO `friend_requests` (`initiator_user_id`, `target_user_id`, `status`, `requested_at`, `confirmed_at`) VALUES ('24', '24', 'approved', '2018-04-23 10:26:09', '2016-05-18 02:52:11');
INSERT INTO `friend_requests` (`initiator_user_id`, `target_user_id`, `status`, `requested_at`, `confirmed_at`) VALUES ('25', '25', 'requested', '1997-03-04 21:40:47', '2012-08-30 19:35:32');
INSERT INTO `friend_requests` (`initiator_user_id`, `target_user_id`, `status`, `requested_at`, `confirmed_at`) VALUES ('26', '26', 'requested', '1995-01-22 19:51:26', '2006-04-17 00:17:45');
INSERT INTO `friend_requests` (`initiator_user_id`, `target_user_id`, `status`, `requested_at`, `confirmed_at`) VALUES ('27', '27', 'approved', '1980-10-30 12:01:14', '2006-07-07 15:11:14');
INSERT INTO `friend_requests` (`initiator_user_id`, `target_user_id`, `status`, `requested_at`, `confirmed_at`) VALUES ('28', '28', 'unfriended', '2013-04-27 05:08:36', '2005-09-28 14:02:36');
INSERT INTO `friend_requests` (`initiator_user_id`, `target_user_id`, `status`, `requested_at`, `confirmed_at`) VALUES ('29', '29', 'declined', '1996-08-03 23:36:00', '1988-08-05 21:01:44');
INSERT INTO `friend_requests` (`initiator_user_id`, `target_user_id`, `status`, `requested_at`, `confirmed_at`) VALUES ('30', '30', 'unfriended', '2010-05-02 19:06:17', '1984-08-27 04:45:21');
INSERT INTO `friend_requests` (`initiator_user_id`, `target_user_id`, `status`, `requested_at`, `confirmed_at`) VALUES ('31', '31', 'unfriended', '1976-11-06 14:18:12', '1977-12-12 16:04:31');
INSERT INTO `friend_requests` (`initiator_user_id`, `target_user_id`, `status`, `requested_at`, `confirmed_at`) VALUES ('32', '32', 'requested', '1987-06-05 14:17:36', '1999-01-19 22:38:38');
INSERT INTO `friend_requests` (`initiator_user_id`, `target_user_id`, `status`, `requested_at`, `confirmed_at`) VALUES ('33', '33', 'requested', '2010-04-26 10:30:26', '2019-06-11 12:32:20');
INSERT INTO `friend_requests` (`initiator_user_id`, `target_user_id`, `status`, `requested_at`, `confirmed_at`) VALUES ('34', '34', 'approved', '1971-09-10 14:08:32', '1972-10-31 20:24:18');
INSERT INTO `friend_requests` (`initiator_user_id`, `target_user_id`, `status`, `requested_at`, `confirmed_at`) VALUES ('35', '35', 'approved', '2007-10-07 15:41:42', '2004-01-28 12:09:54');
INSERT INTO `friend_requests` (`initiator_user_id`, `target_user_id`, `status`, `requested_at`, `confirmed_at`) VALUES ('36', '36', 'unfriended', '1976-10-07 12:53:09', '1970-02-14 15:24:26');
INSERT INTO `friend_requests` (`initiator_user_id`, `target_user_id`, `status`, `requested_at`, `confirmed_at`) VALUES ('37', '37', 'requested', '1977-12-04 15:43:16', '2016-07-06 12:24:01');
INSERT INTO `friend_requests` (`initiator_user_id`, `target_user_id`, `status`, `requested_at`, `confirmed_at`) VALUES ('38', '38', 'requested', '1985-07-22 05:54:57', '2016-12-03 04:28:22');
INSERT INTO `friend_requests` (`initiator_user_id`, `target_user_id`, `status`, `requested_at`, `confirmed_at`) VALUES ('39', '39', 'approved', '1994-12-17 16:18:16', '2017-10-07 16:17:57');
INSERT INTO `friend_requests` (`initiator_user_id`, `target_user_id`, `status`, `requested_at`, `confirmed_at`) VALUES ('40', '40', 'declined', '2005-11-24 13:40:31', '1987-02-25 13:17:30');
INSERT INTO `friend_requests` (`initiator_user_id`, `target_user_id`, `status`, `requested_at`, `confirmed_at`) VALUES ('41', '41', 'declined', '2009-11-26 10:41:09', '1975-12-30 20:59:54');
INSERT INTO `friend_requests` (`initiator_user_id`, `target_user_id`, `status`, `requested_at`, `confirmed_at`) VALUES ('42', '42', 'requested', '2016-02-21 20:26:50', '2001-12-28 01:09:57');
INSERT INTO `friend_requests` (`initiator_user_id`, `target_user_id`, `status`, `requested_at`, `confirmed_at`) VALUES ('43', '43', 'approved', '1970-02-09 07:39:59', '1994-10-22 19:41:15');
INSERT INTO `friend_requests` (`initiator_user_id`, `target_user_id`, `status`, `requested_at`, `confirmed_at`) VALUES ('44', '44', 'declined', '1973-09-10 10:07:05', '1994-03-18 05:13:26');
INSERT INTO `friend_requests` (`initiator_user_id`, `target_user_id`, `status`, `requested_at`, `confirmed_at`) VALUES ('45', '45', 'requested', '2013-01-10 09:42:24', '1998-07-11 23:54:34');
INSERT INTO `friend_requests` (`initiator_user_id`, `target_user_id`, `status`, `requested_at`, `confirmed_at`) VALUES ('46', '46', 'requested', '2017-12-16 08:43:38', '1999-10-26 18:21:49');
INSERT INTO `friend_requests` (`initiator_user_id`, `target_user_id`, `status`, `requested_at`, `confirmed_at`) VALUES ('47', '47', 'declined', '1977-07-14 07:44:57', '2011-10-28 09:35:03');
INSERT INTO `friend_requests` (`initiator_user_id`, `target_user_id`, `status`, `requested_at`, `confirmed_at`) VALUES ('48', '48', 'requested', '1983-12-26 03:38:23', '2011-08-02 03:19:35');
INSERT INTO `friend_requests` (`initiator_user_id`, `target_user_id`, `status`, `requested_at`, `confirmed_at`) VALUES ('49', '49', 'declined', '1970-10-30 21:19:46', '1985-08-03 10:01:09');
INSERT INTO `friend_requests` (`initiator_user_id`, `target_user_id`, `status`, `requested_at`, `confirmed_at`) VALUES ('50', '50', 'approved', '1985-10-28 15:59:31', '1976-10-03 15:36:12');
INSERT INTO `friend_requests` (`initiator_user_id`, `target_user_id`, `status`, `requested_at`, `confirmed_at`) VALUES ('51', '51', 'unfriended', '1970-09-28 07:35:37', '1982-11-26 19:39:44');
INSERT INTO `friend_requests` (`initiator_user_id`, `target_user_id`, `status`, `requested_at`, `confirmed_at`) VALUES ('52', '52', 'approved', '1987-06-12 17:35:54', '2002-03-20 05:25:51');
INSERT INTO `friend_requests` (`initiator_user_id`, `target_user_id`, `status`, `requested_at`, `confirmed_at`) VALUES ('53', '53', 'approved', '1982-11-26 03:48:19', '1997-01-20 19:56:28');
INSERT INTO `friend_requests` (`initiator_user_id`, `target_user_id`, `status`, `requested_at`, `confirmed_at`) VALUES ('54', '54', 'requested', '2010-02-26 06:50:37', '1984-07-05 07:25:37');
INSERT INTO `friend_requests` (`initiator_user_id`, `target_user_id`, `status`, `requested_at`, `confirmed_at`) VALUES ('55', '55', 'requested', '1976-01-02 05:52:32', '2006-10-21 09:18:25');
INSERT INTO `friend_requests` (`initiator_user_id`, `target_user_id`, `status`, `requested_at`, `confirmed_at`) VALUES ('56', '56', 'approved', '1987-06-22 16:51:17', '2019-06-25 00:05:40');
INSERT INTO `friend_requests` (`initiator_user_id`, `target_user_id`, `status`, `requested_at`, `confirmed_at`) VALUES ('57', '57', 'declined', '1972-10-12 19:01:52', '2004-04-21 01:01:59');
INSERT INTO `friend_requests` (`initiator_user_id`, `target_user_id`, `status`, `requested_at`, `confirmed_at`) VALUES ('58', '58', 'declined', '1999-03-30 21:18:11', '1994-04-18 13:57:32');
INSERT INTO `friend_requests` (`initiator_user_id`, `target_user_id`, `status`, `requested_at`, `confirmed_at`) VALUES ('59', '59', 'approved', '2010-02-16 14:21:07', '1970-06-10 06:02:18');
INSERT INTO `friend_requests` (`initiator_user_id`, `target_user_id`, `status`, `requested_at`, `confirmed_at`) VALUES ('60', '60', 'declined', '1991-09-03 20:12:23', '2011-11-30 20:23:35');
INSERT INTO `friend_requests` (`initiator_user_id`, `target_user_id`, `status`, `requested_at`, `confirmed_at`) VALUES ('61', '61', 'declined', '2004-04-29 01:25:44', '1986-07-08 01:19:34');
INSERT INTO `friend_requests` (`initiator_user_id`, `target_user_id`, `status`, `requested_at`, `confirmed_at`) VALUES ('62', '62', 'declined', '1971-10-10 11:38:26', '1982-09-19 14:28:27');
INSERT INTO `friend_requests` (`initiator_user_id`, `target_user_id`, `status`, `requested_at`, `confirmed_at`) VALUES ('63', '63', 'unfriended', '2017-06-10 02:38:17', '1978-12-17 03:45:49');
INSERT INTO `friend_requests` (`initiator_user_id`, `target_user_id`, `status`, `requested_at`, `confirmed_at`) VALUES ('64', '64', 'requested', '1987-03-12 20:15:42', '1997-05-23 17:14:02');
INSERT INTO `friend_requests` (`initiator_user_id`, `target_user_id`, `status`, `requested_at`, `confirmed_at`) VALUES ('65', '65', 'approved', '1985-08-04 02:30:02', '1971-05-01 15:34:18');
INSERT INTO `friend_requests` (`initiator_user_id`, `target_user_id`, `status`, `requested_at`, `confirmed_at`) VALUES ('66', '66', 'approved', '2014-11-11 23:31:07', '1976-09-10 17:30:19');
INSERT INTO `friend_requests` (`initiator_user_id`, `target_user_id`, `status`, `requested_at`, `confirmed_at`) VALUES ('67', '67', 'approved', '1982-02-14 06:33:23', '2002-09-16 21:21:16');
INSERT INTO `friend_requests` (`initiator_user_id`, `target_user_id`, `status`, `requested_at`, `confirmed_at`) VALUES ('68', '68', 'requested', '1970-08-27 16:22:33', '1981-04-01 01:19:09');
INSERT INTO `friend_requests` (`initiator_user_id`, `target_user_id`, `status`, `requested_at`, `confirmed_at`) VALUES ('69', '69', 'requested', '1989-06-02 03:50:47', '2017-04-30 23:06:22');
INSERT INTO `friend_requests` (`initiator_user_id`, `target_user_id`, `status`, `requested_at`, `confirmed_at`) VALUES ('70', '70', 'requested', '2006-07-03 08:21:10', '1987-10-04 03:02:11');
INSERT INTO `friend_requests` (`initiator_user_id`, `target_user_id`, `status`, `requested_at`, `confirmed_at`) VALUES ('71', '71', 'requested', '2001-09-28 06:57:27', '2019-11-01 14:55:39');
INSERT INTO `friend_requests` (`initiator_user_id`, `target_user_id`, `status`, `requested_at`, `confirmed_at`) VALUES ('72', '72', 'approved', '2013-01-24 14:28:59', '1985-06-12 03:25:31');
INSERT INTO `friend_requests` (`initiator_user_id`, `target_user_id`, `status`, `requested_at`, `confirmed_at`) VALUES ('73', '73', 'requested', '2019-07-08 22:20:27', '1996-05-27 09:21:46');
INSERT INTO `friend_requests` (`initiator_user_id`, `target_user_id`, `status`, `requested_at`, `confirmed_at`) VALUES ('74', '74', 'declined', '1983-12-04 03:56:58', '2018-02-27 17:46:20');
INSERT INTO `friend_requests` (`initiator_user_id`, `target_user_id`, `status`, `requested_at`, `confirmed_at`) VALUES ('75', '75', 'requested', '2007-09-26 13:50:14', '1970-03-06 14:04:04');
INSERT INTO `friend_requests` (`initiator_user_id`, `target_user_id`, `status`, `requested_at`, `confirmed_at`) VALUES ('76', '76', 'unfriended', '2010-12-15 04:23:28', '2016-03-27 02:10:32');
INSERT INTO `friend_requests` (`initiator_user_id`, `target_user_id`, `status`, `requested_at`, `confirmed_at`) VALUES ('77', '77', 'declined', '1974-08-06 13:41:25', '1975-04-17 17:15:54');
INSERT INTO `friend_requests` (`initiator_user_id`, `target_user_id`, `status`, `requested_at`, `confirmed_at`) VALUES ('78', '78', 'requested', '1996-06-13 04:00:16', '1994-05-30 13:49:04');
INSERT INTO `friend_requests` (`initiator_user_id`, `target_user_id`, `status`, `requested_at`, `confirmed_at`) VALUES ('79', '79', 'requested', '1974-09-22 08:29:15', '2008-07-02 16:51:01');
INSERT INTO `friend_requests` (`initiator_user_id`, `target_user_id`, `status`, `requested_at`, `confirmed_at`) VALUES ('80', '80', 'approved', '1986-08-09 23:47:39', '2005-03-04 01:20:28');
INSERT INTO `friend_requests` (`initiator_user_id`, `target_user_id`, `status`, `requested_at`, `confirmed_at`) VALUES ('81', '81', 'declined', '1996-07-03 11:49:37', '1997-06-18 02:43:51');
INSERT INTO `friend_requests` (`initiator_user_id`, `target_user_id`, `status`, `requested_at`, `confirmed_at`) VALUES ('82', '82', 'declined', '2000-01-30 00:02:03', '2011-01-10 04:55:47');
INSERT INTO `friend_requests` (`initiator_user_id`, `target_user_id`, `status`, `requested_at`, `confirmed_at`) VALUES ('83', '83', 'unfriended', '2012-06-02 22:56:21', '2000-09-23 13:05:15');
INSERT INTO `friend_requests` (`initiator_user_id`, `target_user_id`, `status`, `requested_at`, `confirmed_at`) VALUES ('84', '84', 'unfriended', '1982-01-06 15:21:22', '2004-12-10 23:18:56');
INSERT INTO `friend_requests` (`initiator_user_id`, `target_user_id`, `status`, `requested_at`, `confirmed_at`) VALUES ('85', '85', 'requested', '1999-02-02 21:31:49', '2020-01-25 09:44:18');
INSERT INTO `friend_requests` (`initiator_user_id`, `target_user_id`, `status`, `requested_at`, `confirmed_at`) VALUES ('86', '86', 'requested', '1979-08-26 13:12:06', '1977-04-23 09:54:09');
INSERT INTO `friend_requests` (`initiator_user_id`, `target_user_id`, `status`, `requested_at`, `confirmed_at`) VALUES ('87', '87', 'declined', '2003-08-19 09:49:30', '1970-10-09 08:36:05');
INSERT INTO `friend_requests` (`initiator_user_id`, `target_user_id`, `status`, `requested_at`, `confirmed_at`) VALUES ('88', '88', 'approved', '2016-02-20 01:28:19', '1997-04-01 22:20:14');
INSERT INTO `friend_requests` (`initiator_user_id`, `target_user_id`, `status`, `requested_at`, `confirmed_at`) VALUES ('89', '89', 'requested', '1998-01-09 17:53:38', '2018-07-13 12:26:03');
INSERT INTO `friend_requests` (`initiator_user_id`, `target_user_id`, `status`, `requested_at`, `confirmed_at`) VALUES ('90', '90', 'declined', '1981-06-18 12:40:19', '1978-02-12 19:49:53');
INSERT INTO `friend_requests` (`initiator_user_id`, `target_user_id`, `status`, `requested_at`, `confirmed_at`) VALUES ('91', '91', 'declined', '1975-08-04 12:00:33', '2015-07-04 06:13:42');
INSERT INTO `friend_requests` (`initiator_user_id`, `target_user_id`, `status`, `requested_at`, `confirmed_at`) VALUES ('92', '92', 'requested', '1971-01-14 20:01:57', '1994-07-25 06:09:37');
INSERT INTO `friend_requests` (`initiator_user_id`, `target_user_id`, `status`, `requested_at`, `confirmed_at`) VALUES ('93', '93', 'approved', '2017-03-05 23:27:00', '1971-01-11 05:14:27');
INSERT INTO `friend_requests` (`initiator_user_id`, `target_user_id`, `status`, `requested_at`, `confirmed_at`) VALUES ('94', '94', 'requested', '1987-08-27 08:10:17', '2011-11-01 20:00:01');
INSERT INTO `friend_requests` (`initiator_user_id`, `target_user_id`, `status`, `requested_at`, `confirmed_at`) VALUES ('95', '95', 'declined', '1981-12-20 06:24:13', '1981-10-25 18:32:07');
INSERT INTO `friend_requests` (`initiator_user_id`, `target_user_id`, `status`, `requested_at`, `confirmed_at`) VALUES ('96', '96', 'requested', '2006-05-13 02:27:07', '1996-10-30 04:24:48');
INSERT INTO `friend_requests` (`initiator_user_id`, `target_user_id`, `status`, `requested_at`, `confirmed_at`) VALUES ('97', '97', 'approved', '2005-03-31 06:19:20', '1975-10-23 08:11:45');
INSERT INTO `friend_requests` (`initiator_user_id`, `target_user_id`, `status`, `requested_at`, `confirmed_at`) VALUES ('98', '98', 'approved', '1972-07-14 21:31:50', '2003-07-09 11:01:52');
INSERT INTO `friend_requests` (`initiator_user_id`, `target_user_id`, `status`, `requested_at`, `confirmed_at`) VALUES ('99', '99', 'approved', '2006-09-22 11:33:55', '1985-03-30 22:32:21');
INSERT INTO `friend_requests` (`initiator_user_id`, `target_user_id`, `status`, `requested_at`, `confirmed_at`) VALUES ('100', '100', 'unfriended', '2000-05-19 16:50:37', '1987-08-12 15:15:20');

DROP TABLE IF EXISTS `communities`;

CREATE TABLE `communities` (
  `id` bigint(20) unsigned NOT NULL AUTO_INCREMENT,
  `name` varchar(150) COLLATE utf8_unicode_ci DEFAULT NULL,
  PRIMARY KEY (`id`),
  KEY `communities_name_idx` (`name`)
) ENGINE=InnoDB AUTO_INCREMENT=101 DEFAULT CHARSET=utf8 COLLATE=utf8_unicode_ci;

INSERT INTO `communities` (`id`, `name`) VALUES ('68', 'Amet labore.');
INSERT INTO `communities` (`id`, `name`) VALUES ('76', 'Animi.');
INSERT INTO `communities` (`id`, `name`) VALUES ('41', 'Aperiam sunt.');
INSERT INTO `communities` (`id`, `name`) VALUES ('20', 'Asperiores.');
INSERT INTO `communities` (`id`, `name`) VALUES ('98', 'Assumenda ut.');
INSERT INTO `communities` (`id`, `name`) VALUES ('21', 'At.');
INSERT INTO `communities` (`id`, `name`) VALUES ('43', 'Aut similique.');
INSERT INTO `communities` (`id`, `name`) VALUES ('3', 'Aut.');
INSERT INTO `communities` (`id`, `name`) VALUES ('4', 'Aut.');
INSERT INTO `communities` (`id`, `name`) VALUES ('8', 'Aut.');
INSERT INTO `communities` (`id`, `name`) VALUES ('9', 'Aut.');
INSERT INTO `communities` (`id`, `name`) VALUES ('55', 'Autem dolore.');
INSERT INTO `communities` (`id`, `name`) VALUES ('87', 'Beatae officiis.');
INSERT INTO `communities` (`id`, `name`) VALUES ('67', 'Blanditiis.');
INSERT INTO `communities` (`id`, `name`) VALUES ('24', 'Consequatur.');
INSERT INTO `communities` (`id`, `name`) VALUES ('60', 'Consequatur.');
INSERT INTO `communities` (`id`, `name`) VALUES ('95', 'Corporis.');
INSERT INTO `communities` (`id`, `name`) VALUES ('28', 'Cum.');
INSERT INTO `communities` (`id`, `name`) VALUES ('78', 'Debitis.');
INSERT INTO `communities` (`id`, `name`) VALUES ('96', 'Dicta.');
INSERT INTO `communities` (`id`, `name`) VALUES ('74', 'Distinctio dolore.');
INSERT INTO `communities` (`id`, `name`) VALUES ('80', 'Dolore reiciendis.');
INSERT INTO `communities` (`id`, `name`) VALUES ('97', 'Dolorem.');
INSERT INTO `communities` (`id`, `name`) VALUES ('25', 'Ea impedit.');
INSERT INTO `communities` (`id`, `name`) VALUES ('57', 'Earum veniam.');
INSERT INTO `communities` (`id`, `name`) VALUES ('77', 'Earum.');
INSERT INTO `communities` (`id`, `name`) VALUES ('45', 'Eos.');
INSERT INTO `communities` (`id`, `name`) VALUES ('62', 'Eos.');
INSERT INTO `communities` (`id`, `name`) VALUES ('48', 'Est voluptatem.');
INSERT INTO `communities` (`id`, `name`) VALUES ('10', 'Est.');
INSERT INTO `communities` (`id`, `name`) VALUES ('11', 'Et consequatur.');
INSERT INTO `communities` (`id`, `name`) VALUES ('56', 'Et.');
INSERT INTO `communities` (`id`, `name`) VALUES ('51', 'Eveniet animi.');
INSERT INTO `communities` (`id`, `name`) VALUES ('71', 'Eveniet fugiat.');
INSERT INTO `communities` (`id`, `name`) VALUES ('40', 'Excepturi.');
INSERT INTO `communities` (`id`, `name`) VALUES ('85', 'Expedita.');
INSERT INTO `communities` (`id`, `name`) VALUES ('1', 'Facere perspiciatis.');
INSERT INTO `communities` (`id`, `name`) VALUES ('84', 'Facilis asperiores.');
INSERT INTO `communities` (`id`, `name`) VALUES ('6', 'Ipsam deleniti.');
INSERT INTO `communities` (`id`, `name`) VALUES ('14', 'Laboriosam odit.');
INSERT INTO `communities` (`id`, `name`) VALUES ('72', 'Laboriosam.');
INSERT INTO `communities` (`id`, `name`) VALUES ('69', 'Magnam error.');
INSERT INTO `communities` (`id`, `name`) VALUES ('33', 'Magni ex.');
INSERT INTO `communities` (`id`, `name`) VALUES ('19', 'Maiores.');
INSERT INTO `communities` (`id`, `name`) VALUES ('73', 'Molestiae.');
INSERT INTO `communities` (`id`, `name`) VALUES ('90', 'Molestiae.');
INSERT INTO `communities` (`id`, `name`) VALUES ('64', 'Mollitia.');
INSERT INTO `communities` (`id`, `name`) VALUES ('63', 'Nam odit.');
INSERT INTO `communities` (`id`, `name`) VALUES ('49', 'Neque.');
INSERT INTO `communities` (`id`, `name`) VALUES ('86', 'Nisi.');
INSERT INTO `communities` (`id`, `name`) VALUES ('36', 'Nobis dolorem.');
INSERT INTO `communities` (`id`, `name`) VALUES ('83', 'Non et.');
INSERT INTO `communities` (`id`, `name`) VALUES ('7', 'Non modi.');
INSERT INTO `communities` (`id`, `name`) VALUES ('52', 'Non nam.');
INSERT INTO `communities` (`id`, `name`) VALUES ('12', 'Non.');
INSERT INTO `communities` (`id`, `name`) VALUES ('82', 'Odio.');
INSERT INTO `communities` (`id`, `name`) VALUES ('79', 'Odit quos.');
INSERT INTO `communities` (`id`, `name`) VALUES ('17', 'Officiis itaque.');
INSERT INTO `communities` (`id`, `name`) VALUES ('59', 'Omnis.');
INSERT INTO `communities` (`id`, `name`) VALUES ('81', 'Omnis.');
INSERT INTO `communities` (`id`, `name`) VALUES ('15', 'Porro.');
INSERT INTO `communities` (`id`, `name`) VALUES ('27', 'Possimus omnis.');
INSERT INTO `communities` (`id`, `name`) VALUES ('100', 'Praesentium rerum.');
INSERT INTO `communities` (`id`, `name`) VALUES ('13', 'Qui occaecati.');
INSERT INTO `communities` (`id`, `name`) VALUES ('26', 'Qui.');
INSERT INTO `communities` (`id`, `name`) VALUES ('32', 'Qui.');
INSERT INTO `communities` (`id`, `name`) VALUES ('37', 'Qui.');
INSERT INTO `communities` (`id`, `name`) VALUES ('58', 'Qui.');
INSERT INTO `communities` (`id`, `name`) VALUES ('2', 'Quia.');
INSERT INTO `communities` (`id`, `name`) VALUES ('16', 'Quia.');
INSERT INTO `communities` (`id`, `name`) VALUES ('89', 'Quidem.');
INSERT INTO `communities` (`id`, `name`) VALUES ('22', 'Quis.');
INSERT INTO `communities` (`id`, `name`) VALUES ('23', 'Quis.');
INSERT INTO `communities` (`id`, `name`) VALUES ('39', 'Quis.');
INSERT INTO `communities` (`id`, `name`) VALUES ('5', 'Rem.');
INSERT INTO `communities` (`id`, `name`) VALUES ('70', 'Repellat natus.');
INSERT INTO `communities` (`id`, `name`) VALUES ('38', 'Repellat sint.');
INSERT INTO `communities` (`id`, `name`) VALUES ('31', 'Rerum.');
INSERT INTO `communities` (`id`, `name`) VALUES ('66', 'Sed maxime.');
INSERT INTO `communities` (`id`, `name`) VALUES ('91', 'Sint dicta.');
INSERT INTO `communities` (`id`, `name`) VALUES ('42', 'Sit et.');
INSERT INTO `communities` (`id`, `name`) VALUES ('44', 'Sit laboriosam.');
INSERT INTO `communities` (`id`, `name`) VALUES ('54', 'Sit repellat.');
INSERT INTO `communities` (`id`, `name`) VALUES ('75', 'Sunt.');
INSERT INTO `communities` (`id`, `name`) VALUES ('94', 'Sunt.');
INSERT INTO `communities` (`id`, `name`) VALUES ('29', 'Tempore.');
INSERT INTO `communities` (`id`, `name`) VALUES ('50', 'Unde.');
INSERT INTO `communities` (`id`, `name`) VALUES ('53', 'Unde.');
INSERT INTO `communities` (`id`, `name`) VALUES ('61', 'Ut aliquid.');
INSERT INTO `communities` (`id`, `name`) VALUES ('35', 'Ut dolor.');
INSERT INTO `communities` (`id`, `name`) VALUES ('88', 'Ut quas.');
INSERT INTO `communities` (`id`, `name`) VALUES ('92', 'Ut.');
INSERT INTO `communities` (`id`, `name`) VALUES ('99', 'Vel.');
INSERT INTO `communities` (`id`, `name`) VALUES ('93', 'Velit et.');
INSERT INTO `communities` (`id`, `name`) VALUES ('47', 'Veniam omnis.');
INSERT INTO `communities` (`id`, `name`) VALUES ('65', 'Voluptate id.');
INSERT INTO `communities` (`id`, `name`) VALUES ('34', 'Voluptatem beatae.');
INSERT INTO `communities` (`id`, `name`) VALUES ('18', 'Voluptatem distinctio.');
INSERT INTO `communities` (`id`, `name`) VALUES ('30', 'Voluptatem doloremque.');
INSERT INTO `communities` (`id`, `name`) VALUES ('46', 'Voluptates ad.');

CREATE TABLE `media_types` (
  `id` bigint(20) unsigned NOT NULL AUTO_INCREMENT,
  `name` varchar(255) COLLATE utf8_unicode_ci DEFAULT NULL,
  `created_at` datetime DEFAULT current_timestamp(),
  `updated_at` datetime DEFAULT current_timestamp() ON UPDATE current_timestamp(),
  PRIMARY KEY (`id`)
) ENGINE=InnoDB AUTO_INCREMENT=101 DEFAULT CHARSET=utf8 COLLATE=utf8_unicode_ci;

INSERT INTO `media_types` (`id`, `name`, `created_at`, `updated_at`) VALUES ('1', 'Quos.', '1976-02-18 19:13:54', '1973-10-06 18:06:47');
INSERT INTO `media_types` (`id`, `name`, `created_at`, `updated_at`) VALUES ('2', 'Officiis sit.', '2005-05-17 22:25:31', '1982-08-02 21:11:14');
INSERT INTO `media_types` (`id`, `name`, `created_at`, `updated_at`) VALUES ('3', 'Esse sint.', '1999-10-05 05:14:49', '1994-09-24 15:23:27');
INSERT INTO `media_types` (`id`, `name`, `created_at`, `updated_at`) VALUES ('4', 'Quo.', '1993-05-05 18:43:15', '1973-12-14 03:28:24');
INSERT INTO `media_types` (`id`, `name`, `created_at`, `updated_at`) VALUES ('5', 'Tenetur.', '1983-12-28 19:17:18', '1997-11-05 08:34:03');
INSERT INTO `media_types` (`id`, `name`, `created_at`, `updated_at`) VALUES ('6', 'Aut laudantium.', '2016-12-27 02:22:35', '1985-07-03 10:42:36');
INSERT INTO `media_types` (`id`, `name`, `created_at`, `updated_at`) VALUES ('7', 'Veniam.', '1995-09-17 07:21:29', '2002-03-13 14:54:06');
INSERT INTO `media_types` (`id`, `name`, `created_at`, `updated_at`) VALUES ('8', 'Et.', '1987-05-29 00:30:01', '2014-03-09 19:05:03');
INSERT INTO `media_types` (`id`, `name`, `created_at`, `updated_at`) VALUES ('9', 'Laborum corrupti.', '2006-07-29 16:13:34', '1982-07-20 13:53:09');
INSERT INTO `media_types` (`id`, `name`, `created_at`, `updated_at`) VALUES ('10', 'Delectus.', '2019-07-27 00:48:05', '2006-09-30 15:48:34');
INSERT INTO `media_types` (`id`, `name`, `created_at`, `updated_at`) VALUES ('11', 'Impedit.', '2014-01-06 20:29:46', '1997-07-14 02:40:20');
INSERT INTO `media_types` (`id`, `name`, `created_at`, `updated_at`) VALUES ('12', 'Incidunt dolore.', '1983-03-05 05:59:47', '1994-01-16 19:58:17');
INSERT INTO `media_types` (`id`, `name`, `created_at`, `updated_at`) VALUES ('13', 'Assumenda vitae.', '2004-12-06 14:01:40', '1973-08-22 18:07:37');
INSERT INTO `media_types` (`id`, `name`, `created_at`, `updated_at`) VALUES ('14', 'Eveniet officiis.', '2000-03-05 14:28:30', '1989-11-04 18:56:06');
INSERT INTO `media_types` (`id`, `name`, `created_at`, `updated_at`) VALUES ('15', 'Repudiandae rerum.', '2007-03-08 17:29:05', '1991-07-25 05:39:56');
INSERT INTO `media_types` (`id`, `name`, `created_at`, `updated_at`) VALUES ('16', 'Sed.', '2007-09-27 18:52:24', '1978-08-27 15:00:49');
INSERT INTO `media_types` (`id`, `name`, `created_at`, `updated_at`) VALUES ('17', 'Quae.', '2003-10-30 13:15:13', '1992-07-01 09:30:53');
INSERT INTO `media_types` (`id`, `name`, `created_at`, `updated_at`) VALUES ('18', 'Minima vero.', '1973-05-13 13:41:11', '2018-02-04 04:28:21');
INSERT INTO `media_types` (`id`, `name`, `created_at`, `updated_at`) VALUES ('19', 'Eveniet consequatur.', '2010-08-17 12:06:04', '1985-12-21 00:32:09');
INSERT INTO `media_types` (`id`, `name`, `created_at`, `updated_at`) VALUES ('20', 'Voluptatibus.', '1980-02-27 22:30:56', '2009-03-27 03:17:54');
INSERT INTO `media_types` (`id`, `name`, `created_at`, `updated_at`) VALUES ('21', 'Aspernatur sit.', '1975-07-11 11:17:39', '2006-10-31 21:09:51');
INSERT INTO `media_types` (`id`, `name`, `created_at`, `updated_at`) VALUES ('22', 'Eos in.', '1997-01-13 04:45:36', '1990-08-21 12:22:43');
INSERT INTO `media_types` (`id`, `name`, `created_at`, `updated_at`) VALUES ('23', 'Pariatur.', '1995-02-06 19:52:45', '1999-12-25 23:49:40');
INSERT INTO `media_types` (`id`, `name`, `created_at`, `updated_at`) VALUES ('24', 'Velit numquam.', '2009-03-16 02:29:45', '2009-12-21 12:11:55');
INSERT INTO `media_types` (`id`, `name`, `created_at`, `updated_at`) VALUES ('25', 'Consectetur dolorem.', '2012-09-23 18:51:05', '1975-02-18 23:03:45');
INSERT INTO `media_types` (`id`, `name`, `created_at`, `updated_at`) VALUES ('26', 'Facere.', '1987-07-22 06:03:56', '1987-08-18 15:41:50');
INSERT INTO `media_types` (`id`, `name`, `created_at`, `updated_at`) VALUES ('27', 'Quia.', '1981-08-26 10:43:01', '1993-04-19 05:25:41');
INSERT INTO `media_types` (`id`, `name`, `created_at`, `updated_at`) VALUES ('28', 'Veniam.', '2006-05-30 17:07:06', '1995-01-28 05:37:34');
INSERT INTO `media_types` (`id`, `name`, `created_at`, `updated_at`) VALUES ('29', 'Eligendi.', '2008-07-17 21:49:05', '1979-06-29 19:51:52');
INSERT INTO `media_types` (`id`, `name`, `created_at`, `updated_at`) VALUES ('30', 'Earum.', '1977-07-29 06:46:11', '2005-06-07 20:55:16');
INSERT INTO `media_types` (`id`, `name`, `created_at`, `updated_at`) VALUES ('31', 'Ut.', '1994-07-29 04:44:55', '1995-06-11 04:53:30');
INSERT INTO `media_types` (`id`, `name`, `created_at`, `updated_at`) VALUES ('32', 'Aliquid.', '2014-04-02 01:44:54', '1989-10-08 21:36:35');
INSERT INTO `media_types` (`id`, `name`, `created_at`, `updated_at`) VALUES ('33', 'Est sit.', '1998-07-31 05:15:45', '2009-11-16 15:39:56');
INSERT INTO `media_types` (`id`, `name`, `created_at`, `updated_at`) VALUES ('34', 'Eos.', '1990-11-23 10:34:11', '2018-09-26 15:23:31');
INSERT INTO `media_types` (`id`, `name`, `created_at`, `updated_at`) VALUES ('35', 'Natus est.', '1971-05-22 01:06:53', '1976-04-15 20:17:12');
INSERT INTO `media_types` (`id`, `name`, `created_at`, `updated_at`) VALUES ('36', 'Velit magni.', '2005-09-02 11:52:34', '2011-11-21 04:19:06');
INSERT INTO `media_types` (`id`, `name`, `created_at`, `updated_at`) VALUES ('37', 'Nihil est.', '1988-07-30 04:05:37', '1981-11-22 23:23:16');
INSERT INTO `media_types` (`id`, `name`, `created_at`, `updated_at`) VALUES ('38', 'Consequatur ratione.', '1992-07-06 12:54:59', '2007-01-22 06:00:01');
INSERT INTO `media_types` (`id`, `name`, `created_at`, `updated_at`) VALUES ('39', 'Enim cumque.', '2006-12-22 07:28:12', '2017-10-08 01:30:06');
INSERT INTO `media_types` (`id`, `name`, `created_at`, `updated_at`) VALUES ('40', 'Illo.', '1972-06-03 02:29:14', '1991-07-28 13:32:51');
INSERT INTO `media_types` (`id`, `name`, `created_at`, `updated_at`) VALUES ('41', 'Consequatur autem.', '2020-02-03 14:52:03', '1987-10-15 19:16:15');
INSERT INTO `media_types` (`id`, `name`, `created_at`, `updated_at`) VALUES ('42', 'Aut.', '1980-04-21 17:00:32', '2006-12-03 03:48:31');
INSERT INTO `media_types` (`id`, `name`, `created_at`, `updated_at`) VALUES ('43', 'Blanditiis hic.', '2008-04-29 08:11:09', '1980-10-02 09:32:59');
INSERT INTO `media_types` (`id`, `name`, `created_at`, `updated_at`) VALUES ('44', 'Repellendus.', '2019-10-09 19:45:30', '1985-03-31 07:39:26');
INSERT INTO `media_types` (`id`, `name`, `created_at`, `updated_at`) VALUES ('45', 'Magni quibusdam.', '2015-07-13 07:42:45', '1990-10-25 10:43:57');
INSERT INTO `media_types` (`id`, `name`, `created_at`, `updated_at`) VALUES ('46', 'Nesciunt.', '1997-06-21 09:20:50', '1982-01-31 05:33:26');
INSERT INTO `media_types` (`id`, `name`, `created_at`, `updated_at`) VALUES ('47', 'Est.', '2005-02-23 14:42:53', '1998-06-24 09:21:52');
INSERT INTO `media_types` (`id`, `name`, `created_at`, `updated_at`) VALUES ('48', 'Sint aliquid.', '2003-10-16 17:08:01', '1983-11-15 20:04:41');
INSERT INTO `media_types` (`id`, `name`, `created_at`, `updated_at`) VALUES ('49', 'Nobis.', '2016-03-29 03:14:00', '2000-03-03 17:16:34');
INSERT INTO `media_types` (`id`, `name`, `created_at`, `updated_at`) VALUES ('50', 'Nemo.', '2018-05-03 00:21:27', '2014-10-13 18:24:52');
INSERT INTO `media_types` (`id`, `name`, `created_at`, `updated_at`) VALUES ('51', 'Deleniti et.', '1977-02-18 12:27:09', '1977-03-11 09:19:30');
INSERT INTO `media_types` (`id`, `name`, `created_at`, `updated_at`) VALUES ('52', 'Dolorem.', '1994-12-17 01:16:09', '2009-12-17 02:23:57');
INSERT INTO `media_types` (`id`, `name`, `created_at`, `updated_at`) VALUES ('53', 'Id cum.', '1987-02-22 06:27:06', '1976-02-01 05:19:44');
INSERT INTO `media_types` (`id`, `name`, `created_at`, `updated_at`) VALUES ('54', 'Tenetur.', '1975-06-16 11:48:30', '1996-03-28 07:30:26');
INSERT INTO `media_types` (`id`, `name`, `created_at`, `updated_at`) VALUES ('55', 'Autem.', '1973-06-12 02:02:42', '2006-04-21 04:42:37');
INSERT INTO `media_types` (`id`, `name`, `created_at`, `updated_at`) VALUES ('56', 'Illo.', '1976-09-04 16:19:40', '2008-08-17 04:19:49');
INSERT INTO `media_types` (`id`, `name`, `created_at`, `updated_at`) VALUES ('57', 'Ab.', '2008-06-26 15:15:50', '1996-10-29 11:31:57');
INSERT INTO `media_types` (`id`, `name`, `created_at`, `updated_at`) VALUES ('58', 'Magnam.', '2007-06-16 12:17:02', '1992-08-08 23:18:51');
INSERT INTO `media_types` (`id`, `name`, `created_at`, `updated_at`) VALUES ('59', 'Ad.', '1997-11-26 08:29:40', '1989-08-12 19:05:39');
INSERT INTO `media_types` (`id`, `name`, `created_at`, `updated_at`) VALUES ('60', 'Unde nulla.', '1988-04-21 17:17:46', '1977-07-15 18:36:07');
INSERT INTO `media_types` (`id`, `name`, `created_at`, `updated_at`) VALUES ('61', 'Aliquid.', '1987-06-29 05:45:30', '1986-02-04 06:54:44');
INSERT INTO `media_types` (`id`, `name`, `created_at`, `updated_at`) VALUES ('62', 'Ducimus distinctio.', '2018-04-29 12:04:52', '1977-07-13 12:18:51');
INSERT INTO `media_types` (`id`, `name`, `created_at`, `updated_at`) VALUES ('63', 'Quae.', '2003-03-30 12:54:19', '1971-11-13 02:39:45');
INSERT INTO `media_types` (`id`, `name`, `created_at`, `updated_at`) VALUES ('64', 'Asperiores.', '2005-08-23 06:47:16', '1971-10-16 08:44:10');
INSERT INTO `media_types` (`id`, `name`, `created_at`, `updated_at`) VALUES ('65', 'Et voluptatibus.', '1973-05-09 04:31:13', '2000-08-31 06:39:47');
INSERT INTO `media_types` (`id`, `name`, `created_at`, `updated_at`) VALUES ('66', 'Soluta quasi.', '2013-08-19 00:55:35', '2008-06-29 20:36:16');
INSERT INTO `media_types` (`id`, `name`, `created_at`, `updated_at`) VALUES ('67', 'Velit.', '2006-11-27 01:59:20', '1974-07-29 17:12:47');
INSERT INTO `media_types` (`id`, `name`, `created_at`, `updated_at`) VALUES ('68', 'Id tempore.', '1992-01-18 11:50:31', '1996-01-07 23:35:28');
INSERT INTO `media_types` (`id`, `name`, `created_at`, `updated_at`) VALUES ('69', 'Fuga.', '1971-06-17 08:51:35', '1992-04-07 17:43:11');
INSERT INTO `media_types` (`id`, `name`, `created_at`, `updated_at`) VALUES ('70', 'Adipisci deserunt.', '1984-03-30 20:15:07', '1974-06-04 12:19:30');
INSERT INTO `media_types` (`id`, `name`, `created_at`, `updated_at`) VALUES ('71', 'Dolore.', '1997-06-25 22:58:50', '1974-01-17 03:03:30');
INSERT INTO `media_types` (`id`, `name`, `created_at`, `updated_at`) VALUES ('72', 'Quam quos.', '1972-02-20 09:48:48', '2014-09-08 12:17:30');
INSERT INTO `media_types` (`id`, `name`, `created_at`, `updated_at`) VALUES ('73', 'Sit.', '1973-06-05 07:03:53', '1971-04-13 06:34:38');
INSERT INTO `media_types` (`id`, `name`, `created_at`, `updated_at`) VALUES ('74', 'Veniam.', '2010-02-24 03:44:56', '2003-05-15 21:32:55');
INSERT INTO `media_types` (`id`, `name`, `created_at`, `updated_at`) VALUES ('75', 'Molestiae voluptas.', '2008-12-02 21:08:22', '1999-04-26 15:00:55');
INSERT INTO `media_types` (`id`, `name`, `created_at`, `updated_at`) VALUES ('76', 'Fuga soluta.', '1980-10-31 18:48:50', '1973-05-06 06:29:07');
INSERT INTO `media_types` (`id`, `name`, `created_at`, `updated_at`) VALUES ('77', 'In velit.', '1971-05-12 15:49:27', '2015-11-05 10:23:30');
INSERT INTO `media_types` (`id`, `name`, `created_at`, `updated_at`) VALUES ('78', 'Magnam deleniti.', '2009-09-28 15:21:07', '1984-09-14 20:41:24');
INSERT INTO `media_types` (`id`, `name`, `created_at`, `updated_at`) VALUES ('79', 'Autem reiciendis.', '1975-06-04 05:58:42', '1989-12-13 20:06:32');
INSERT INTO `media_types` (`id`, `name`, `created_at`, `updated_at`) VALUES ('80', 'Quaerat.', '2011-02-01 01:59:32', '2009-03-21 01:16:21');
INSERT INTO `media_types` (`id`, `name`, `created_at`, `updated_at`) VALUES ('81', 'Ut ex.', '1987-07-16 13:34:50', '1996-09-18 09:41:01');
INSERT INTO `media_types` (`id`, `name`, `created_at`, `updated_at`) VALUES ('82', 'Nisi et.', '1980-06-14 16:34:25', '1992-09-18 13:12:53');
INSERT INTO `media_types` (`id`, `name`, `created_at`, `updated_at`) VALUES ('83', 'Quae dicta.', '1988-12-27 06:39:39', '1999-11-19 02:04:47');
INSERT INTO `media_types` (`id`, `name`, `created_at`, `updated_at`) VALUES ('84', 'Quisquam.', '1994-08-13 03:57:22', '1970-07-04 05:08:37');
INSERT INTO `media_types` (`id`, `name`, `created_at`, `updated_at`) VALUES ('85', 'Repellat eum.', '2010-08-07 19:44:43', '2012-01-15 08:01:39');
INSERT INTO `media_types` (`id`, `name`, `created_at`, `updated_at`) VALUES ('86', 'Id.', '2018-07-10 07:35:20', '1986-01-07 18:46:31');
INSERT INTO `media_types` (`id`, `name`, `created_at`, `updated_at`) VALUES ('87', 'Expedita.', '2003-02-13 08:15:54', '2006-05-28 20:16:14');
INSERT INTO `media_types` (`id`, `name`, `created_at`, `updated_at`) VALUES ('88', 'Omnis.', '2011-08-29 22:32:30', '2018-10-27 04:24:49');
INSERT INTO `media_types` (`id`, `name`, `created_at`, `updated_at`) VALUES ('89', 'Alias.', '2018-10-22 19:12:10', '1970-10-11 23:17:13');
INSERT INTO `media_types` (`id`, `name`, `created_at`, `updated_at`) VALUES ('90', 'Asperiores.', '1985-05-20 17:31:36', '1995-04-06 17:22:01');
INSERT INTO `media_types` (`id`, `name`, `created_at`, `updated_at`) VALUES ('91', 'Saepe deserunt.', '1976-03-10 04:38:07', '1995-02-18 03:46:14');
INSERT INTO `media_types` (`id`, `name`, `created_at`, `updated_at`) VALUES ('92', 'Impedit molestiae.', '1974-07-10 14:13:44', '2018-05-07 08:13:45');
INSERT INTO `media_types` (`id`, `name`, `created_at`, `updated_at`) VALUES ('93', 'Enim est.', '1993-04-21 17:16:29', '2015-04-28 04:16:52');
INSERT INTO `media_types` (`id`, `name`, `created_at`, `updated_at`) VALUES ('94', 'Rem et.', '1977-07-11 15:43:52', '1981-01-21 07:24:27');
INSERT INTO `media_types` (`id`, `name`, `created_at`, `updated_at`) VALUES ('95', 'Ut.', '1985-10-21 06:56:03', '1974-12-26 23:05:50');
INSERT INTO `media_types` (`id`, `name`, `created_at`, `updated_at`) VALUES ('96', 'Et omnis.', '2015-07-14 18:07:17', '1979-10-22 04:46:44');
INSERT INTO `media_types` (`id`, `name`, `created_at`, `updated_at`) VALUES ('97', 'At.', '1986-04-14 13:38:31', '2018-11-19 07:20:52');
INSERT INTO `media_types` (`id`, `name`, `created_at`, `updated_at`) VALUES ('98', 'Quia est.', '1999-01-03 15:00:46', '1986-07-05 06:18:48');
INSERT INTO `media_types` (`id`, `name`, `created_at`, `updated_at`) VALUES ('99', 'Qui ut.', '2004-08-14 15:35:11', '1988-05-03 17:12:17');
INSERT INTO `media_types` (`id`, `name`, `created_at`, `updated_at`) VALUES ('100', 'Accusantium.', '2004-09-07 07:27:48', '1974-11-02 19:51:06');

CREATE TABLE `media` (
  `id` bigint(20) unsigned NOT NULL AUTO_INCREMENT,
  `media_type_id` bigint(20) unsigned NOT NULL,
  `user_id` bigint(20) unsigned NOT NULL,
  `body` text COLLATE utf8_unicode_ci DEFAULT NULL,
  `filename` varchar(255) COLLATE utf8_unicode_ci DEFAULT NULL,
  `size` int(11) DEFAULT NULL,
  `metadata` longtext CHARACTER SET utf8mb4 COLLATE utf8mb4_bin DEFAULT NULL,
  `created_at` datetime DEFAULT current_timestamp(),
  `updated_at` datetime DEFAULT current_timestamp() ON UPDATE current_timestamp(),
  PRIMARY KEY (`id`),
  KEY `user_id` (`user_id`),
  KEY `media_type_id` (`media_type_id`),
  CONSTRAINT `media_ibfk_1` FOREIGN KEY (`user_id`) REFERENCES `users` (`id`),
  CONSTRAINT `media_ibfk_2` FOREIGN KEY (`media_type_id`) REFERENCES `media_types` (`id`)
) ENGINE=InnoDB AUTO_INCREMENT=101 DEFAULT CHARSET=utf8 COLLATE=utf8_unicode_ci;

INSERT INTO `media` (`id`, `media_type_id`, `user_id`, `body`, `filename`, `size`, `metadata`, `created_at`, `updated_at`) VALUES ('1', '1', '1', 'Nihil labore dignissimos ipsum quis rerum. Corporis inventore laudantium velit. Minus mollitia culpa id sed.', 'enim', 0, 'ttl', '2012-10-22 07:38:50', '2013-03-02 13:57:53');
INSERT INTO `media` (`id`, `media_type_id`, `user_id`, `body`, `filename`, `size`, `metadata`, `created_at`, `updated_at`) VALUES ('2', '2', '2', 'Doloribus quibusdam eveniet consequuntur sit ab aspernatur omnis doloremque. Vel autem esse enim fugiat dignissimos. Consequuntur et quo autem hic quia nisi soluta.', 'est', 12858, 'sc', '2004-08-05 12:40:10', '1985-04-06 15:37:11');
INSERT INTO `media` (`id`, `media_type_id`, `user_id`, `body`, `filename`, `size`, `metadata`, `created_at`, `updated_at`) VALUES ('3', '3', '3', 'Sed officiis pariatur libero vel quis. Ut cupiditate totam animi veniam laborum ea. Provident aut quod sapiente et ipsa iste. Rerum et minima eos corrupti.', 'accusamus', 39231327, 'musicxml', '1981-11-07 03:05:12', '2001-10-23 14:06:56');
INSERT INTO `media` (`id`, `media_type_id`, `user_id`, `body`, `filename`, `size`, `metadata`, `created_at`, `updated_at`) VALUES ('4', '4', '4', 'Itaque velit et voluptates. Consectetur facilis sint et et recusandae similique sunt. Excepturi consequuntur a quia consectetur harum iusto sint. Maxime veniam perferendis corporis quaerat.', 'pariatur', 700, 'kia', '2006-01-31 17:36:13', '2012-12-30 11:47:13');
INSERT INTO `media` (`id`, `media_type_id`, `user_id`, `body`, `filename`, `size`, `metadata`, `created_at`, `updated_at`) VALUES ('5', '5', '5', 'Ipsa quis odio est optio quo eius. Repudiandae voluptas doloremque voluptate saepe. Voluptatem et enim nostrum qui laborum nostrum. Et ipsam totam consequatur facere iusto saepe. Et quia magnam neque incidunt nisi dolor.', 'ut', 8416484, 'rmp', '2014-01-13 03:50:19', '2009-05-29 06:44:06');
INSERT INTO `media` (`id`, `media_type_id`, `user_id`, `body`, `filename`, `size`, `metadata`, `created_at`, `updated_at`) VALUES ('6', '6', '6', 'Cumque dolor excepturi dolor corrupti neque ut itaque. Qui corrupti facere dolorem officia laudantium. Perferendis non earum numquam.', 'esse', 576, 'odb', '1990-01-12 12:45:38', '2010-11-15 08:10:28');
INSERT INTO `media` (`id`, `media_type_id`, `user_id`, `body`, `filename`, `size`, `metadata`, `created_at`, `updated_at`) VALUES ('7', '7', '7', 'Autem nemo enim est odit ea enim voluptatem repellat. Provident est ea dolor nihil illo pariatur voluptatum voluptas. Sint et reprehenderit labore quidem voluptate illo est.', 'voluptates', 88760, 'rmp', '2004-05-01 07:27:41', '2007-08-24 03:57:07');
INSERT INTO `media` (`id`, `media_type_id`, `user_id`, `body`, `filename`, `size`, `metadata`, `created_at`, `updated_at`) VALUES ('8', '8', '8', 'Eaque ex et autem quibusdam atque consequatur et. Autem exercitationem fugiat perspiciatis atque laboriosam voluptatem qui eos.', 'quo', 47025, 'semd', '2002-01-23 19:05:51', '1977-04-28 14:03:02');
INSERT INTO `media` (`id`, `media_type_id`, `user_id`, `body`, `filename`, `size`, `metadata`, `created_at`, `updated_at`) VALUES ('9', '9', '9', 'Qui et eius totam aut aut. Est ea unde architecto labore facilis nesciunt doloribus. Eaque est corrupti est.', 'sequi', 562278404, 'hal', '1982-07-18 02:18:51', '2015-08-07 14:06:53');
INSERT INTO `media` (`id`, `media_type_id`, `user_id`, `body`, `filename`, `size`, `metadata`, `created_at`, `updated_at`) VALUES ('10', '10', '10', 'Nisi voluptatem rerum quod et dolorem. Expedita atque aut enim sit qui voluptas. Aliquam ab exercitationem fugiat repellat incidunt. Dolore eaque in praesentium ab.', 'repellendus', 354879, 'cfs', '1983-12-25 04:05:05', '1991-01-27 11:04:36');
INSERT INTO `media` (`id`, `media_type_id`, `user_id`, `body`, `filename`, `size`, `metadata`, `created_at`, `updated_at`) VALUES ('11', '11', '11', 'Hic nihil est minus dolorum. Non debitis quia voluptatem animi quis assumenda voluptas. Nam cupiditate ex a aliquid qui voluptas. In veniam quia qui quo voluptatibus nobis.', 'totam', 530, 'pgn', '1976-09-15 13:16:44', '2007-07-31 13:12:09');
INSERT INTO `media` (`id`, `media_type_id`, `user_id`, `body`, `filename`, `size`, `metadata`, `created_at`, `updated_at`) VALUES ('12', '12', '12', 'Accusamus quo deleniti illo aut eos praesentium. A veritatis tenetur quasi itaque sit laborum et. Inventore dignissimos expedita sint voluptatum provident voluptate. Dolores rem nulla quia quibusdam et ad voluptatem. Vero id quia sit autem qui beatae atque.', 'aut', 9, 'igs', '2019-11-23 00:03:15', '1996-11-30 04:18:25');
INSERT INTO `media` (`id`, `media_type_id`, `user_id`, `body`, `filename`, `size`, `metadata`, `created_at`, `updated_at`) VALUES ('13', '13', '13', 'Pariatur asperiores aut corrupti eum corporis enim harum nesciunt. Incidunt doloribus corrupti incidunt officia blanditiis non non. Quasi est saepe sint eos facilis reiciendis.', 'est', 826237, 'xvml', '1994-05-29 20:28:59', '1984-08-17 10:31:45');
INSERT INTO `media` (`id`, `media_type_id`, `user_id`, `body`, `filename`, `size`, `metadata`, `created_at`, `updated_at`) VALUES ('14', '14', '14', 'Illum dolor nulla architecto eum ab. Quae enim culpa sed accusantium. Quibusdam sequi consequatur id magni. Minus deserunt libero beatae adipisci eum reiciendis.', 'est', 2, 'dotx', '2001-02-03 03:54:21', '2015-08-12 21:48:40');
INSERT INTO `media` (`id`, `media_type_id`, `user_id`, `body`, `filename`, `size`, `metadata`, `created_at`, `updated_at`) VALUES ('15', '15', '15', 'Qui commodi ab voluptatem provident. Omnis temporibus earum iste. Qui aliquam earum minima cumque ex dolorem placeat.', 'quia', 764019222, 'atom', '2015-01-11 04:31:50', '2000-01-20 21:27:17');
INSERT INTO `media` (`id`, `media_type_id`, `user_id`, `body`, `filename`, `size`, `metadata`, `created_at`, `updated_at`) VALUES ('16', '16', '16', 'Rem eum magni labore. Delectus enim nostrum qui omnis delectus. Eaque dolores sit voluptatem corporis. Molestiae qui blanditiis enim rerum sed tempora quis sunt. Placeat voluptas corrupti vel.', 'harum', 30332857, 'sid', '1973-08-30 00:28:36', '1974-11-24 01:31:58');
INSERT INTO `media` (`id`, `media_type_id`, `user_id`, `body`, `filename`, `size`, `metadata`, `created_at`, `updated_at`) VALUES ('17', '17', '17', 'A illo incidunt rerum sed ut et eos. Hic voluptatem et enim. Voluptates repudiandae id harum excepturi inventore sed est. Dignissimos optio temporibus provident suscipit cumque.', 'nesciunt', 783055, 'x3d', '1999-02-28 23:38:25', '1980-10-26 20:37:57');
INSERT INTO `media` (`id`, `media_type_id`, `user_id`, `body`, `filename`, `size`, `metadata`, `created_at`, `updated_at`) VALUES ('18', '18', '18', 'Nemo esse in numquam. Minus nisi rerum dolorum. Maxime voluptatem error aliquid repudiandae repudiandae rem. Aliquam repellat laudantium et laudantium.', 'necessitatibus', 648, 'kwt', '1978-08-05 14:40:34', '1985-05-13 01:57:04');
INSERT INTO `media` (`id`, `media_type_id`, `user_id`, `body`, `filename`, `size`, `metadata`, `created_at`, `updated_at`) VALUES ('19', '19', '19', 'Quo sunt velit eveniet dolor qui similique voluptatem. Ipsam optio eum ut assumenda.', 'voluptas', 636792, 'wav', '2000-03-22 13:24:50', '1987-08-01 08:20:19');
INSERT INTO `media` (`id`, `media_type_id`, `user_id`, `body`, `filename`, `size`, `metadata`, `created_at`, `updated_at`) VALUES ('20', '20', '20', 'Dicta aut soluta voluptatem ut dolorem perferendis corrupti. Vitae in aut ea eum et.', 'cumque', 5760009, 'gca', '1989-04-06 12:07:16', '2004-08-06 11:23:29');
INSERT INTO `media` (`id`, `media_type_id`, `user_id`, `body`, `filename`, `size`, `metadata`, `created_at`, `updated_at`) VALUES ('21', '21', '21', 'Architecto ut quia ipsa tempora omnis libero. Id quibusdam provident dicta id tempore officia.', 'labore', 53, 'lbe', '2017-10-09 17:29:15', '2006-06-24 16:51:33');
INSERT INTO `media` (`id`, `media_type_id`, `user_id`, `body`, `filename`, `size`, `metadata`, `created_at`, `updated_at`) VALUES ('22', '22', '22', 'Commodi ut voluptatem earum. Aliquid sed at cupiditate quis hic. Veniam maiores consequatur ex qui et et ipsum. Debitis voluptas aut est veritatis necessitatibus et blanditiis.', 'nisi', 960049017, 'mcurl', '1979-05-10 06:28:29', '2009-08-22 02:37:50');
INSERT INTO `media` (`id`, `media_type_id`, `user_id`, `body`, `filename`, `size`, `metadata`, `created_at`, `updated_at`) VALUES ('23', '23', '23', 'Animi facere dolor qui est voluptatibus. Quaerat quis dolorum dolore molestias dolores eligendi. Nihil autem est consequuntur aliquid tempora. Voluptas cumque omnis inventore deleniti error.', 'eius', 450, 'cfs', '2015-10-24 17:44:26', '2010-02-07 11:33:02');
INSERT INTO `media` (`id`, `media_type_id`, `user_id`, `body`, `filename`, `size`, `metadata`, `created_at`, `updated_at`) VALUES ('24', '24', '24', 'Ut sunt ea harum perspiciatis in quis. Veritatis voluptas debitis voluptatum consectetur. Saepe neque aspernatur accusantium dolorem illum. Sint officia dolor eveniet rem incidunt et. Consequatur rem nemo voluptas minima sapiente temporibus dolores.', 'quos', 32938, 'fe_launch', '1997-05-04 09:11:13', '1971-11-23 09:24:03');
INSERT INTO `media` (`id`, `media_type_id`, `user_id`, `body`, `filename`, `size`, `metadata`, `created_at`, `updated_at`) VALUES ('25', '25', '25', 'Aut ea laboriosam animi quaerat veniam cupiditate labore recusandae. Molestias et commodi nesciunt praesentium. Ea aliquid fugiat qui accusamus fugit rerum.', 'quidem', 10935, 'pskcxml', '2004-12-08 06:51:59', '1992-03-21 20:05:05');
INSERT INTO `media` (`id`, `media_type_id`, `user_id`, `body`, `filename`, `size`, `metadata`, `created_at`, `updated_at`) VALUES ('26', '26', '26', 'Itaque rem aut voluptas ullam. Maiores dolorem est minima ullam fugiat assumenda sed. Cum repellat beatae voluptate voluptas vitae possimus in placeat.', 'excepturi', 0, 'me', '1985-02-11 01:52:04', '1980-09-17 09:12:32');
INSERT INTO `media` (`id`, `media_type_id`, `user_id`, `body`, `filename`, `size`, `metadata`, `created_at`, `updated_at`) VALUES ('27', '27', '27', 'Iste ut similique harum mollitia. Excepturi eligendi recusandae molestias itaque.', 'ut', 1543393, 'nsc', '2002-08-29 09:23:50', '1978-02-20 21:22:13');
INSERT INTO `media` (`id`, `media_type_id`, `user_id`, `body`, `filename`, `size`, `metadata`, `created_at`, `updated_at`) VALUES ('28', '28', '28', 'Soluta esse est et sunt. Voluptatem natus nisi nostrum consequatur.', 'est', 8084136, 'dotx', '1985-12-10 15:44:56', '1972-01-06 00:05:17');
INSERT INTO `media` (`id`, `media_type_id`, `user_id`, `body`, `filename`, `size`, `metadata`, `created_at`, `updated_at`) VALUES ('29', '29', '29', 'Cumque voluptatem tempora quod voluptatem impedit porro hic. Voluptas assumenda quisquam rerum voluptatem. In libero eligendi sunt aut beatae. Aut quia sit natus autem blanditiis quo excepturi.', 'quasi', 5420, 'fdf', '1989-08-01 17:39:49', '1974-04-26 11:05:18');
INSERT INTO `media` (`id`, `media_type_id`, `user_id`, `body`, `filename`, `size`, `metadata`, `created_at`, `updated_at`) VALUES ('30', '30', '30', 'Autem nam illum repellat ab. Animi est tempore officia non non sequi. Voluptatem dignissimos iure cum est.', 'vero', 0, 'wdp', '1999-06-06 11:10:42', '1972-10-07 21:22:26');
INSERT INTO `media` (`id`, `media_type_id`, `user_id`, `body`, `filename`, `size`, `metadata`, `created_at`, `updated_at`) VALUES ('31', '31', '31', 'Aut doloremque labore commodi et. Perferendis magnam aut quis officiis ipsum. Iusto esse atque sunt fugit molestias voluptatum. Et omnis qui asperiores ab corrupti et sapiente consequatur.', 'maiores', 96229589, 'sse', '2005-03-20 09:16:47', '1982-01-05 22:25:17');
INSERT INTO `media` (`id`, `media_type_id`, `user_id`, `body`, `filename`, `size`, `metadata`, `created_at`, `updated_at`) VALUES ('32', '32', '32', 'Ut vero adipisci at qui ut et. Alias sequi aut nesciunt ut minima rerum. Molestiae id rerum quasi neque excepturi voluptates. Doloribus ut qui temporibus voluptate blanditiis velit. Labore et explicabo maxime voluptas et.', 'sequi', 2, 'ecma', '2009-10-08 11:53:03', '1980-07-25 06:30:19');
INSERT INTO `media` (`id`, `media_type_id`, `user_id`, `body`, `filename`, `size`, `metadata`, `created_at`, `updated_at`) VALUES ('33', '33', '33', 'In aliquid alias dolor rerum aspernatur in ut. Eligendi minima non voluptas eius dignissimos libero iste. Delectus quia provident sed asperiores eaque amet nostrum quasi. Numquam libero et aspernatur repellendus.', 'illo', 44, '3dml', '1988-08-13 01:00:37', '1989-09-26 11:21:26');
INSERT INTO `media` (`id`, `media_type_id`, `user_id`, `body`, `filename`, `size`, `metadata`, `created_at`, `updated_at`) VALUES ('34', '34', '34', 'Nobis odit rerum et. Unde aut cumque ut incidunt repellat. Porro ipsum odio velit reprehenderit officia totam. Et ex molestiae ea nesciunt. Aut perspiciatis voluptatem eos non.', 'voluptates', 575904, 'mxml', '1999-08-20 18:04:34', '1981-06-06 06:18:53');
INSERT INTO `media` (`id`, `media_type_id`, `user_id`, `body`, `filename`, `size`, `metadata`, `created_at`, `updated_at`) VALUES ('35', '35', '35', 'Quibusdam et sapiente cumque et quos. Et praesentium commodi excepturi omnis ut animi rerum deserunt. Id odio ut doloremque laudantium et minus fuga.', 'nam', 49465, 'ksp', '2018-05-01 02:13:42', '1986-12-29 13:54:40');
INSERT INTO `media` (`id`, `media_type_id`, `user_id`, `body`, `filename`, `size`, `metadata`, `created_at`, `updated_at`) VALUES ('36', '36', '36', 'Fugiat deleniti culpa numquam aspernatur debitis. Aut minima alias cum. At odit suscipit harum iste et non.', 'hic', 6390442, 'z1', '1998-07-22 23:55:43', '1973-08-09 18:56:42');
INSERT INTO `media` (`id`, `media_type_id`, `user_id`, `body`, `filename`, `size`, `metadata`, `created_at`, `updated_at`) VALUES ('37', '37', '37', 'Commodi quisquam qui modi labore non corrupti. Voluptate quis quaerat consequatur consequatur non et. Sed in natus sunt.', 'repudiandae', 81903, '123', '2010-02-17 03:23:04', '1982-02-27 16:22:36');
INSERT INTO `media` (`id`, `media_type_id`, `user_id`, `body`, `filename`, `size`, `metadata`, `created_at`, `updated_at`) VALUES ('38', '38', '38', 'Unde et voluptate ab quibusdam ipsum eos labore. Occaecati neque quidem est saepe reprehenderit vero ut. Provident optio ratione quia ut. Sunt explicabo et reprehenderit minus nostrum ut a. Voluptatem consequuntur perferendis aut autem deleniti corrupti exercitationem.', 'ut', 84085, 'caf', '1981-08-17 02:51:54', '1981-03-28 19:46:30');
INSERT INTO `media` (`id`, `media_type_id`, `user_id`, `body`, `filename`, `size`, `metadata`, `created_at`, `updated_at`) VALUES ('39', '39', '39', 'Rerum cum est tempora similique error. Vel minus et saepe explicabo unde saepe libero tempore.', 'non', 47774, 'uvvg', '2011-04-07 03:52:19', '1984-08-09 22:21:02');
INSERT INTO `media` (`id`, `media_type_id`, `user_id`, `body`, `filename`, `size`, `metadata`, `created_at`, `updated_at`) VALUES ('40', '40', '40', 'Voluptas omnis quo et reiciendis labore voluptatem vel ullam. Illo quae sed voluptas aut sunt non et. Cumque cumque eligendi cumque omnis fugiat. Eligendi nemo possimus facilis distinctio numquam quia et reiciendis.', 'aperiam', 97, 'pct', '1974-07-18 21:48:40', '2014-04-12 10:04:07');
INSERT INTO `media` (`id`, `media_type_id`, `user_id`, `body`, `filename`, `size`, `metadata`, `created_at`, `updated_at`) VALUES ('41', '41', '41', 'Ullam est vel in repellendus ipsum. Nisi reiciendis impedit est ipsum consequatur. Libero laborum ratione aut unde quasi dolorem. Sed eos beatae mollitia iusto cupiditate.', 'nobis', 247, 'tga', '1986-09-01 20:50:29', '2015-02-17 17:34:09');
INSERT INTO `media` (`id`, `media_type_id`, `user_id`, `body`, `filename`, `size`, `metadata`, `created_at`, `updated_at`) VALUES ('42', '42', '42', 'Fugit porro voluptatem et eum praesentium consequatur nesciunt. Dolorum rerum autem nulla voluptas consequatur est libero. Hic quia quo mollitia saepe deleniti quibusdam ratione. Provident quasi nisi occaecati at totam incidunt fuga facere.', 'consequatur', 2705204, 'uvvh', '1991-09-04 17:23:16', '1996-06-24 10:27:02');
INSERT INTO `media` (`id`, `media_type_id`, `user_id`, `body`, `filename`, `size`, `metadata`, `created_at`, `updated_at`) VALUES ('43', '43', '43', 'Consequatur recusandae quia iusto ut. Odio blanditiis reiciendis minus qui nam. Ut minus harum sed expedita. Pariatur cum placeat atque porro natus ipsum.', 'eum', 627, 'gam', '1994-06-01 20:12:38', '2013-06-14 23:40:32');
INSERT INTO `media` (`id`, `media_type_id`, `user_id`, `body`, `filename`, `size`, `metadata`, `created_at`, `updated_at`) VALUES ('44', '44', '44', 'Qui fugiat cum commodi quae. Voluptatem quidem voluptate blanditiis.', 'quasi', 3436083, 'movie', '1982-04-13 13:08:32', '2012-11-05 14:36:52');
INSERT INTO `media` (`id`, `media_type_id`, `user_id`, `body`, `filename`, `size`, `metadata`, `created_at`, `updated_at`) VALUES ('45', '45', '45', 'Veniam aliquid nihil ratione eos similique cupiditate libero. Omnis quia dolorem perferendis blanditiis aut. Cupiditate voluptatem ab fugiat sunt odio perferendis. Accusamus et velit eos natus corporis ipsa.', 'eligendi', 0, 'lnk', '1970-04-11 00:52:57', '1978-03-14 23:03:58');
INSERT INTO `media` (`id`, `media_type_id`, `user_id`, `body`, `filename`, `size`, `metadata`, `created_at`, `updated_at`) VALUES ('46', '46', '46', 'Quidem laborum consequatur nostrum quos culpa sapiente. Alias aut delectus dignissimos repellat voluptas nulla non.', 'eius', 742, 'dotx', '2007-07-17 05:51:01', '2000-01-10 14:21:40');
INSERT INTO `media` (`id`, `media_type_id`, `user_id`, `body`, `filename`, `size`, `metadata`, `created_at`, `updated_at`) VALUES ('47', '47', '47', 'Et sint in est sunt et ea vitae. Consectetur ratione quod omnis nam est. Rerum distinctio omnis dolorem in ut eius alias ab. Aut eum quasi voluptatum aut cupiditate nesciunt commodi.', 'culpa', 8984, 'xlt', '2016-02-22 02:14:15', '1974-07-31 07:56:35');
INSERT INTO `media` (`id`, `media_type_id`, `user_id`, `body`, `filename`, `size`, `metadata`, `created_at`, `updated_at`) VALUES ('48', '48', '48', 'Vero quia eos omnis quam corrupti ut quia. Odit aut dolore placeat omnis.', 'saepe', 2869794, 'semf', '1974-02-17 21:39:26', '2013-07-11 19:38:09');
INSERT INTO `media` (`id`, `media_type_id`, `user_id`, `body`, `filename`, `size`, `metadata`, `created_at`, `updated_at`) VALUES ('49', '49', '49', 'Eum aspernatur natus et aut numquam et id non. Dolorem quis esse consequatur ipsam aut dolorem et non. Vel consequatur ex voluptatibus voluptas.', 'culpa', 23307172, 'knp', '1994-07-07 21:46:22', '2011-08-20 15:40:31');
INSERT INTO `media` (`id`, `media_type_id`, `user_id`, `body`, `filename`, `size`, `metadata`, `created_at`, `updated_at`) VALUES ('50', '50', '50', 'Est fugit sed fugiat. Aperiam qui voluptatem quo perferendis sapiente nihil. Id sit quo ipsam ea est delectus. Saepe odit consequatur sit inventore perferendis possimus recusandae.', 'magni', 7192636, 'sxw', '2013-02-24 03:41:34', '1997-10-26 07:58:48');
INSERT INTO `media` (`id`, `media_type_id`, `user_id`, `body`, `filename`, `size`, `metadata`, `created_at`, `updated_at`) VALUES ('51', '51', '51', 'Consequatur numquam dicta est eum voluptatem eveniet doloribus. Dignissimos rem rerum tempora assumenda assumenda autem ut. Magni minus ab cumque eum aut alias voluptatum.', 'aut', 6769148, 'xar', '1979-01-01 17:30:53', '2007-07-13 08:37:18');
INSERT INTO `media` (`id`, `media_type_id`, `user_id`, `body`, `filename`, `size`, `metadata`, `created_at`, `updated_at`) VALUES ('52', '52', '52', 'Laboriosam ex cupiditate laborum iusto eaque. Ipsam qui facilis cupiditate sed quia. Voluptatum fugit similique quo blanditiis et nesciunt enim. Autem et eaque quia dolorum harum aut.', 'aliquid', 80543, 'xul', '1984-09-23 15:08:30', '2001-03-23 18:20:53');
INSERT INTO `media` (`id`, `media_type_id`, `user_id`, `body`, `filename`, `size`, `metadata`, `created_at`, `updated_at`) VALUES ('53', '53', '53', 'Quo dolore reiciendis repellendus qui. Voluptatibus delectus et est deleniti quo. Velit fugit non id at eligendi qui ipsam.', 'temporibus', 8695, 'rtf', '2017-01-07 03:34:17', '1972-01-14 06:13:35');
INSERT INTO `media` (`id`, `media_type_id`, `user_id`, `body`, `filename`, `size`, `metadata`, `created_at`, `updated_at`) VALUES ('54', '54', '54', 'Voluptates perferendis aut id est est debitis neque quia. Rem quod et expedita unde provident. Maiores odit nesciunt ut consequatur explicabo beatae dolorem aut. Placeat sit velit praesentium voluptas aperiam laboriosam.', 'id', 14089413, 'mxl', '1981-06-09 10:40:49', '1986-12-31 14:30:02');
INSERT INTO `media` (`id`, `media_type_id`, `user_id`, `body`, `filename`, `size`, `metadata`, `created_at`, `updated_at`) VALUES ('55', '55', '55', 'Et blanditiis dicta eligendi harum voluptatibus ipsam laborum. Et fugiat asperiores iusto pariatur. Occaecati qui dolorum eaque cum.', 'iure', 890409, 'flv', '1992-11-30 00:42:19', '2019-06-05 05:34:04');
INSERT INTO `media` (`id`, `media_type_id`, `user_id`, `body`, `filename`, `size`, `metadata`, `created_at`, `updated_at`) VALUES ('56', '56', '56', 'Voluptas magnam rem incidunt ea. Voluptatem quia est nihil. Adipisci veniam optio quo quia.', 'dolorem', 19, 'org', '1995-12-30 19:20:43', '1984-05-17 15:43:08');
INSERT INTO `media` (`id`, `media_type_id`, `user_id`, `body`, `filename`, `size`, `metadata`, `created_at`, `updated_at`) VALUES ('57', '57', '57', 'Cupiditate enim enim quia sed. Harum est impedit officiis. Voluptas voluptatem exercitationem tenetur.', 'aut', 4, 'sbml', '1977-01-13 09:45:46', '1994-02-14 08:43:52');
INSERT INTO `media` (`id`, `media_type_id`, `user_id`, `body`, `filename`, `size`, `metadata`, `created_at`, `updated_at`) VALUES ('58', '58', '58', 'Sit repudiandae et magnam. Et praesentium et necessitatibus deserunt. Voluptatum similique aliquam error maxime cum ullam.', 'fuga', 7706, 'pls', '1979-12-17 10:23:20', '2011-03-09 15:19:50');
INSERT INTO `media` (`id`, `media_type_id`, `user_id`, `body`, `filename`, `size`, `metadata`, `created_at`, `updated_at`) VALUES ('59', '59', '59', 'Quia iste minus debitis eos quas hic est magnam. Voluptates aut aliquid natus alias possimus tempore. Minus vero et consequatur neque quisquam. Veritatis omnis ut eos.', 'rem', 27, 'tpt', '2017-11-08 06:47:43', '2006-02-03 08:15:10');
INSERT INTO `media` (`id`, `media_type_id`, `user_id`, `body`, `filename`, `size`, `metadata`, `created_at`, `updated_at`) VALUES ('60', '60', '60', 'Alias enim deleniti eum deleniti nostrum qui molestiae officia. Vero libero qui quod architecto dolores optio sint. Rem repudiandae sed nemo et accusantium. Eveniet provident dolor eius natus sit hic.', 'commodi', 7207, 'dotm', '1996-12-08 02:54:12', '1991-05-23 11:23:47');
INSERT INTO `media` (`id`, `media_type_id`, `user_id`, `body`, `filename`, `size`, `metadata`, `created_at`, `updated_at`) VALUES ('61', '61', '61', 'Nobis impedit ex accusamus adipisci. Voluptatem iusto sint laborum. Aut beatae vitae enim ut consequuntur voluptate. Qui molestiae eveniet similique unde non et error quam.', 'architecto', 4, 'jpg', '2012-06-26 11:46:32', '1988-01-28 08:40:28');
INSERT INTO `media` (`id`, `media_type_id`, `user_id`, `body`, `filename`, `size`, `metadata`, `created_at`, `updated_at`) VALUES ('62', '62', '62', 'Ratione quae eligendi autem asperiores repellendus accusamus necessitatibus. Quo ipsa amet deleniti culpa culpa voluptatem dolorum. Alias cumque fugit saepe excepturi laudantium et aut nostrum. Accusantium eligendi omnis sequi et et porro modi nostrum.', 'sequi', 6, 'geo', '1973-04-30 23:42:57', '1971-12-24 06:06:53');
INSERT INTO `media` (`id`, `media_type_id`, `user_id`, `body`, `filename`, `size`, `metadata`, `created_at`, `updated_at`) VALUES ('63', '63', '63', 'Quidem atque ea veritatis dolores sunt molestias laboriosam. Aspernatur qui necessitatibus ut eos nostrum. Aut dolor nobis exercitationem quos corporis sed error.', 'nostrum', 9, '3g2', '1996-03-17 15:01:40', '2005-01-27 13:54:38');
INSERT INTO `media` (`id`, `media_type_id`, `user_id`, `body`, `filename`, `size`, `metadata`, `created_at`, `updated_at`) VALUES ('64', '64', '64', 'Aperiam porro tempora nulla est qui. Sed qui beatae ut totam fugit. Cumque accusantium cum repudiandae sequi deserunt.', 'velit', 6004440, 'wsdl', '1973-09-08 11:15:06', '1991-02-09 04:51:52');
INSERT INTO `media` (`id`, `media_type_id`, `user_id`, `body`, `filename`, `size`, `metadata`, `created_at`, `updated_at`) VALUES ('65', '65', '65', 'Voluptatem rem beatae enim sunt voluptatem totam. Repellat vero accusantium corporis nobis sed id dolor ex. Possimus molestiae iste fugit molestias vel nulla dicta earum. Incidunt ut tenetur facilis totam et porro quaerat.', 'magni', 386, 'ipk', '1985-09-05 04:28:45', '1971-12-13 22:22:32');
INSERT INTO `media` (`id`, `media_type_id`, `user_id`, `body`, `filename`, `size`, `metadata`, `created_at`, `updated_at`) VALUES ('66', '66', '66', 'Dolorem ut eum quia error provident impedit qui. Repellat blanditiis rerum sint quia est repellat quae delectus. Eum rerum ut est occaecati. Nostrum sint ipsa ipsum ut ea.', 'voluptatibus', 167371198, 'mxml', '2013-11-07 00:24:29', '2001-09-15 12:37:58');
INSERT INTO `media` (`id`, `media_type_id`, `user_id`, `body`, `filename`, `size`, `metadata`, `created_at`, `updated_at`) VALUES ('67', '67', '67', 'Consectetur quis debitis voluptas eligendi quo voluptatibus. Omnis temporibus ut quis impedit. Distinctio doloribus quam explicabo cupiditate itaque non.', 'fuga', 90721470, 'odg', '1973-10-31 01:17:06', '2006-07-31 12:00:51');
INSERT INTO `media` (`id`, `media_type_id`, `user_id`, `body`, `filename`, `size`, `metadata`, `created_at`, `updated_at`) VALUES ('68', '68', '68', 'Quia porro molestias quidem et porro corrupti quia. Dolor sed quisquam aliquid. Facere nobis repellat ex voluptatum non. Quia atque dolores quia eum hic. Voluptatem itaque provident repellat asperiores eligendi.', 'non', 8, 'mseed', '2001-06-20 18:43:54', '2004-06-30 13:17:24');
INSERT INTO `media` (`id`, `media_type_id`, `user_id`, `body`, `filename`, `size`, `metadata`, `created_at`, `updated_at`) VALUES ('69', '69', '69', 'Quam et omnis recusandae recusandae commodi. Voluptas corrupti et eius velit voluptatem maiores doloribus sint. In a est aperiam rerum.', 'consectetur', 4345, 'dcurl', '1987-05-09 12:57:18', '2017-04-18 17:38:46');
INSERT INTO `media` (`id`, `media_type_id`, `user_id`, `body`, `filename`, `size`, `metadata`, `created_at`, `updated_at`) VALUES ('70', '70', '70', 'Aut dolor voluptate incidunt autem ipsam quos. Quibusdam et rerum cum voluptas. Quam minus ut deserunt quod neque adipisci. Aut qui dolor aut et quia dignissimos ducimus.', 'exercitationem', 80, 'odp', '2020-03-15 04:00:45', '1995-07-30 10:47:20');
INSERT INTO `media` (`id`, `media_type_id`, `user_id`, `body`, `filename`, `size`, `metadata`, `created_at`, `updated_at`) VALUES ('71', '71', '71', 'Ratione iusto dolores et vero dolorem ut. Ex aut quo id. Et autem odio nesciunt perspiciatis.', 'ducimus', 928815, 'sgi', '2019-04-21 06:09:39', '2002-05-21 20:07:11');
INSERT INTO `media` (`id`, `media_type_id`, `user_id`, `body`, `filename`, `size`, `metadata`, `created_at`, `updated_at`) VALUES ('72', '72', '72', 'Id rerum facilis consequatur rerum in soluta. Culpa veniam accusamus voluptates et. Deleniti qui cumque autem. Error qui architecto ea recusandae quibusdam laboriosam ut et.', 'quia', 7, 'xenc', '2013-03-10 04:30:24', '1989-05-14 00:05:35');
INSERT INTO `media` (`id`, `media_type_id`, `user_id`, `body`, `filename`, `size`, `metadata`, `created_at`, `updated_at`) VALUES ('73', '73', '73', 'Placeat laborum dolorum molestiae maiores ut. Aperiam veniam est quia eos quas a. Ratione dignissimos voluptatum omnis et veritatis maxime. Delectus rem laboriosam dolor incidunt facere sequi sint.', 'quisquam', 7, 'djvu', '1987-09-14 17:16:59', '2013-04-06 05:24:25');
INSERT INTO `media` (`id`, `media_type_id`, `user_id`, `body`, `filename`, `size`, `metadata`, `created_at`, `updated_at`) VALUES ('74', '74', '74', 'Atque id aut veritatis. Natus qui ratione unde doloremque itaque voluptatem voluptatem quas. Explicabo pariatur placeat debitis laboriosam suscipit sapiente quaerat. Sed iure enim sunt dolores rerum in tenetur tenetur.', 'expedita', 12826798, 'ivp', '1971-10-27 20:00:29', '1995-02-06 12:43:19');
INSERT INTO `media` (`id`, `media_type_id`, `user_id`, `body`, `filename`, `size`, `metadata`, `created_at`, `updated_at`) VALUES ('75', '75', '75', 'Harum et harum quisquam occaecati numquam quo. Earum aut eaque rerum ut culpa necessitatibus quam.', 'incidunt', 286060, 'dwf', '1995-08-26 09:33:47', '2017-06-10 04:52:38');
INSERT INTO `media` (`id`, `media_type_id`, `user_id`, `body`, `filename`, `size`, `metadata`, `created_at`, `updated_at`) VALUES ('76', '76', '76', 'Quis non voluptas nihil delectus sunt. Doloremque vel corporis rem corporis quia et. Laboriosam nulla aut odit quisquam at.', 'error', 0, 'fvt', '1975-03-02 16:37:04', '2013-12-25 22:27:34');
INSERT INTO `media` (`id`, `media_type_id`, `user_id`, `body`, `filename`, `size`, `metadata`, `created_at`, `updated_at`) VALUES ('77', '77', '77', 'Unde voluptas fugit natus porro commodi. Perspiciatis et qui a sed pariatur quidem. Quaerat magnam ut vel minus autem.', 'esse', 57, 'xpi', '1978-03-29 22:57:11', '1986-01-12 22:01:13');
INSERT INTO `media` (`id`, `media_type_id`, `user_id`, `body`, `filename`, `size`, `metadata`, `created_at`, `updated_at`) VALUES ('78', '78', '78', 'Consequatur rerum eos voluptate at eum quasi ullam saepe. Necessitatibus ullam consequatur non quas. Hic quia et consectetur.', 'aut', 36, 'stw', '2013-05-10 12:07:51', '1995-01-28 05:06:15');
INSERT INTO `media` (`id`, `media_type_id`, `user_id`, `body`, `filename`, `size`, `metadata`, `created_at`, `updated_at`) VALUES ('79', '79', '79', 'Voluptas eveniet omnis qui. Illo in quasi repellendus. Doloribus dolorem eveniet quo officiis odio magnam rem. Nam totam quasi fuga nesciunt.', 'libero', 56233, 'xz', '2004-01-07 10:53:24', '1987-11-08 23:10:24');
INSERT INTO `media` (`id`, `media_type_id`, `user_id`, `body`, `filename`, `size`, `metadata`, `created_at`, `updated_at`) VALUES ('80', '80', '80', 'Quidem eveniet sit omnis iure ut aperiam. Rerum cum minima perferendis debitis ipsam. Nobis et dicta similique.', 'amet', 30308, 'mobi', '1989-09-28 06:18:57', '2011-08-09 16:18:40');
INSERT INTO `media` (`id`, `media_type_id`, `user_id`, `body`, `filename`, `size`, `metadata`, `created_at`, `updated_at`) VALUES ('81', '81', '81', 'Eum autem est mollitia voluptas aperiam quisquam nostrum. Ut dolores dignissimos ea molestiae tempore provident vitae qui. Modi reprehenderit qui vero est fuga sint.', 'dolorem', 25657, 'odt', '1981-05-26 21:37:29', '1998-10-17 20:36:53');
INSERT INTO `media` (`id`, `media_type_id`, `user_id`, `body`, `filename`, `size`, `metadata`, `created_at`, `updated_at`) VALUES ('82', '82', '82', 'Et voluptas et voluptatem omnis similique veniam est. Nam vel amet fugit recusandae ut voluptas. Animi praesentium et sed consequatur quaerat. Fugiat ipsa quos et porro asperiores.', 'similique', 82739537, 'ots', '2013-01-09 10:16:38', '1980-01-24 22:48:37');
INSERT INTO `media` (`id`, `media_type_id`, `user_id`, `body`, `filename`, `size`, `metadata`, `created_at`, `updated_at`) VALUES ('83', '83', '83', 'Ullam ea exercitationem ad corrupti vel ut ipsam. Autem quia et suscipit recusandae odio sit nostrum ex. Molestias ut sequi sequi ipsa ut aut veritatis.', 'consequuntur', 7, 'lbe', '1979-09-14 07:52:34', '2008-02-14 11:02:57');
INSERT INTO `media` (`id`, `media_type_id`, `user_id`, `body`, `filename`, `size`, `metadata`, `created_at`, `updated_at`) VALUES ('84', '84', '84', 'Cupiditate rerum ex non ipsum dignissimos facere veritatis. Dolor enim nihil sed. Sed fugit dolorem tenetur voluptatum odit quos. Numquam perferendis adipisci voluptas reiciendis ab voluptas odio.', 'ea', 1, 'webm', '2019-01-08 03:29:07', '1977-10-02 21:51:31');
INSERT INTO `media` (`id`, `media_type_id`, `user_id`, `body`, `filename`, `size`, `metadata`, `created_at`, `updated_at`) VALUES ('85', '85', '85', 'Voluptatem fugit sed delectus distinctio vel dolorem ut amet. Accusantium consequuntur alias corporis laboriosam commodi sed labore. Culpa ut cumque aliquam quod ipsam recusandae nihil. Molestias sit exercitationem sequi dolores quia numquam voluptas.', 'cum', 22239, 'nml', '1982-04-07 15:28:48', '2001-06-17 11:52:37');
INSERT INTO `media` (`id`, `media_type_id`, `user_id`, `body`, `filename`, `size`, `metadata`, `created_at`, `updated_at`) VALUES ('86', '86', '86', 'Possimus quam rerum aspernatur vero blanditiis sint ea. Quia odio voluptas veniam aliquid aliquid qui illum perspiciatis.', 'ratione', 1488, 'kfo', '1987-07-10 02:42:44', '1996-01-11 16:17:27');
INSERT INTO `media` (`id`, `media_type_id`, `user_id`, `body`, `filename`, `size`, `metadata`, `created_at`, `updated_at`) VALUES ('87', '87', '87', 'Eos accusamus sint est corrupti. Temporibus alias est id accusamus veniam aliquid magnam aut. Quia sunt id quo impedit vitae ex numquam. Eos est similique labore eos earum temporibus numquam.', 'voluptatem', 4584, 'sti', '1984-07-26 22:34:11', '2013-09-09 21:33:18');
INSERT INTO `media` (`id`, `media_type_id`, `user_id`, `body`, `filename`, `size`, `metadata`, `created_at`, `updated_at`) VALUES ('88', '88', '88', 'Assumenda aut illo neque aut nulla porro omnis. Consequuntur ducimus corrupti dolores impedit quisquam eos totam. Explicabo suscipit voluptas fugiat et consequatur quae. Adipisci praesentium excepturi maiores recusandae aut.', 'qui', 6786868, 'cab', '1993-12-15 22:59:53', '1977-03-10 00:03:20');
INSERT INTO `media` (`id`, `media_type_id`, `user_id`, `body`, `filename`, `size`, `metadata`, `created_at`, `updated_at`) VALUES ('89', '89', '89', 'Et ut vitae fugiat ipsa mollitia nulla. Odit assumenda et beatae qui ratione animi nisi. Ut possimus aut atque pariatur minus. Facilis enim sit ut suscipit nihil eum ea. Magni qui quo culpa minima.', 'dolorum', 0, 'rm', '2019-09-13 08:28:52', '2017-12-15 08:48:06');
INSERT INTO `media` (`id`, `media_type_id`, `user_id`, `body`, `filename`, `size`, `metadata`, `created_at`, `updated_at`) VALUES ('90', '90', '90', 'Et at corporis laboriosam debitis. Nesciunt excepturi non doloribus accusantium et at hic. Repellendus ut consequatur repudiandae unde aut in aliquam. Exercitationem dolor aspernatur accusamus dolores deserunt magnam saepe.', 'rerum', 53366, '123', '1995-12-24 14:48:09', '1985-01-11 15:36:05');
INSERT INTO `media` (`id`, `media_type_id`, `user_id`, `body`, `filename`, `size`, `metadata`, `created_at`, `updated_at`) VALUES ('91', '91', '91', 'Dolores dolorem consequatur pariatur omnis sunt. Nostrum sint et aut doloremque quisquam. Dolorem quo est culpa nulla quos delectus saepe. Tempora hic aut culpa harum est quisquam consequatur.', 'eos', 907144521, 'sxw', '1972-04-03 01:56:06', '1992-11-10 19:14:49');
INSERT INTO `media` (`id`, `media_type_id`, `user_id`, `body`, `filename`, `size`, `metadata`, `created_at`, `updated_at`) VALUES ('92', '92', '92', 'Omnis dolorem perferendis eius est voluptas asperiores porro. Et nam aut a non voluptates velit labore. Praesentium distinctio voluptatem et ut placeat.', 'veniam', 216108, 'sql', '1972-10-21 21:29:55', '1979-02-09 12:18:18');
INSERT INTO `media` (`id`, `media_type_id`, `user_id`, `body`, `filename`, `size`, `metadata`, `created_at`, `updated_at`) VALUES ('93', '93', '93', 'Minus accusantium aut consequuntur quia quam id. Porro dolores aliquid qui modi velit. Fugiat ut cumque illo voluptatibus. Dolorum consequuntur est aperiam ipsa praesentium placeat adipisci.', 'beatae', 58530, 'rm', '1997-11-18 14:32:20', '1994-10-06 03:01:47');
INSERT INTO `media` (`id`, `media_type_id`, `user_id`, `body`, `filename`, `size`, `metadata`, `created_at`, `updated_at`) VALUES ('94', '94', '94', 'Dolor quia ab quas corporis. Vero esse libero numquam earum. Et ea eum suscipit neque temporibus quos aut. Et possimus enim est repellendus aperiam sit. Quia est deserunt eos repudiandae.', 'facere', 787417, 'wmls', '2016-09-13 13:04:10', '1979-06-18 13:51:01');
INSERT INTO `media` (`id`, `media_type_id`, `user_id`, `body`, `filename`, `size`, `metadata`, `created_at`, `updated_at`) VALUES ('95', '95', '95', 'Facere iusto accusamus esse consequatur et id eligendi dolores. Voluptate molestiae molestiae est quia quos. Quibusdam dolorem iste maiores nam harum placeat. Nulla est esse cum ipsa dolor.', 'ullam', 353, 'tga', '1974-09-09 21:41:56', '2002-02-04 11:35:11');
INSERT INTO `media` (`id`, `media_type_id`, `user_id`, `body`, `filename`, `size`, `metadata`, `created_at`, `updated_at`) VALUES ('96', '96', '96', 'Sit nihil officia delectus ut ad molestias quia. A animi qui architecto asperiores. Repudiandae nihil nisi laudantium doloribus quis totam. Aut perspiciatis nostrum aut dolorum molestiae sint.', 'occaecati', 86029, 'roff', '1979-11-14 21:56:41', '2005-01-10 20:21:17');
INSERT INTO `media` (`id`, `media_type_id`, `user_id`, `body`, `filename`, `size`, `metadata`, `created_at`, `updated_at`) VALUES ('97', '97', '97', 'Corporis eos optio voluptas sunt aliquid exercitationem culpa et. Quia sequi cupiditate nobis accusantium sed consequuntur.', 'vel', 86, 'yin', '2020-02-19 08:43:49', '2005-07-02 10:42:40');
INSERT INTO `media` (`id`, `media_type_id`, `user_id`, `body`, `filename`, `size`, `metadata`, `created_at`, `updated_at`) VALUES ('98', '98', '98', 'Asperiores ducimus quo culpa commodi consequatur asperiores. Molestiae voluptatem soluta omnis et voluptas et et. Veritatis dolores sunt id mollitia minus aliquam voluptatem asperiores. Dolorem nihil modi illo perferendis quidem eius.', 'sed', 0, 'chat', '2009-03-30 13:10:44', '2001-01-21 06:38:56');
INSERT INTO `media` (`id`, `media_type_id`, `user_id`, `body`, `filename`, `size`, `metadata`, `created_at`, `updated_at`) VALUES ('99', '99', '99', 'Ea sunt iste sint qui ullam sit fugit. Illo quis exercitationem rem velit odit cum facilis. Velit ut facilis suscipit eum quidem blanditiis.', 'eius', 384232, 'air', '1991-04-18 16:40:49', '2000-05-01 19:26:52');
INSERT INTO `media` (`id`, `media_type_id`, `user_id`, `body`, `filename`, `size`, `metadata`, `created_at`, `updated_at`) VALUES ('100', '100', '100', 'Dolorem et dolorem mollitia odit et nisi ut. Corrupti maiores ut eveniet commodi commodi. Numquam eos odio porro autem molestiae cupiditate in. Atque neque sed temporibus facilis aut aut.', 'rerum', 6, 'sgm', '2007-02-05 20:24:18', '1987-09-05 09:32:02');

DROP TABLE IF EXISTS `posts`;

CREATE TABLE `posts` (
  `post_id` bigint(20) unsigned NOT NULL AUTO_INCREMENT,
  `user_id` bigint(20) unsigned NOT NULL,
  `body` text COLLATE utf8_unicode_ci DEFAULT NULL,
  `created_at` datetime DEFAULT current_timestamp(),
  `updated_at` datetime DEFAULT current_timestamp() ON UPDATE current_timestamp(),
  PRIMARY KEY (`post_id`),
  CONSTRAINT `posts_ibfk_1` FOREIGN KEY (`post_id`) REFERENCES `users` (`id`)
) ENGINE=InnoDB AUTO_INCREMENT=101 DEFAULT CHARSET=utf8 COLLATE=utf8_unicode_ci;

INSERT INTO `posts` (`post_id`, `user_id`, `body`, `created_at`, `updated_at`) VALUES ('1', '1', 'Voluptates et dignissimos nihil aut quidem laudantium. Iste reiciendis aut quidem rem eos. Eius minus et quasi dolorem maiores voluptate omnis. Omnis sit pariatur similique sed debitis quod velit. Quos magnam nam nostrum ratione qui.', '2013-09-28 11:20:42', '2011-05-12 11:23:17');
INSERT INTO `posts` (`post_id`, `user_id`, `body`, `created_at`, `updated_at`) VALUES ('2', '2', 'Accusamus et quia ut maiores dolorem id doloremque. Veritatis qui expedita nihil non. Eius at illum aspernatur qui et. Quo voluptate consectetur velit voluptas.', '2007-05-08 00:02:48', '1976-11-09 15:36:30');
INSERT INTO `posts` (`post_id`, `user_id`, `body`, `created_at`, `updated_at`) VALUES ('3', '3', 'Quo illo molestiae cum sequi deleniti. Non delectus quos voluptatum ipsum iusto rerum vero odio. Et aut consequatur laudantium. Consequatur iste nihil ex voluptas et eos quasi.', '1972-06-08 12:13:13', '1972-07-28 09:04:44');
INSERT INTO `posts` (`post_id`, `user_id`, `body`, `created_at`, `updated_at`) VALUES ('4', '4', 'Quaerat voluptas ut adipisci nam at. Velit et non explicabo minus occaecati et.', '2019-02-12 12:56:59', '1973-01-23 01:42:25');
INSERT INTO `posts` (`post_id`, `user_id`, `body`, `created_at`, `updated_at`) VALUES ('5', '5', 'Libero qui nisi eligendi tempora aut. Ea eum inventore quia necessitatibus quisquam. Est quidem quae est accusamus quas voluptas.', '2001-07-30 03:50:05', '2006-03-21 21:40:20');
INSERT INTO `posts` (`post_id`, `user_id`, `body`, `created_at`, `updated_at`) VALUES ('6', '6', 'Veniam sequi a consequatur. Sint aspernatur optio error delectus error aut. Laudantium soluta provident praesentium et assumenda distinctio doloremque.', '1999-09-04 01:52:10', '2009-12-06 20:15:48');
INSERT INTO `posts` (`post_id`, `user_id`, `body`, `created_at`, `updated_at`) VALUES ('7', '7', 'Consequatur aut consequatur at atque odio adipisci molestiae officia. Et temporibus ut explicabo eligendi atque. A facilis deserunt et consequatur soluta voluptatem sint distinctio.', '2006-09-21 20:20:22', '2003-06-02 08:15:39');
INSERT INTO `posts` (`post_id`, `user_id`, `body`, `created_at`, `updated_at`) VALUES ('8', '8', 'Ipsam voluptatem doloribus ut cum inventore sapiente. Dolorem quia nihil accusantium necessitatibus enim autem. Natus omnis enim sint illo omnis debitis. Cum quidem sint sit.', '1986-03-03 23:38:05', '1992-02-15 21:51:52');
INSERT INTO `posts` (`post_id`, `user_id`, `body`, `created_at`, `updated_at`) VALUES ('9', '9', 'Quam quia praesentium sunt dicta. Vel ea occaecati est.', '1990-06-21 13:45:14', '1987-08-26 21:23:54');
INSERT INTO `posts` (`post_id`, `user_id`, `body`, `created_at`, `updated_at`) VALUES ('10', '10', 'Sit magnam sit odio officia voluptas. Dolorem eveniet reprehenderit provident voluptatum. Quae quasi numquam dolor neque ut.', '1973-02-25 01:52:16', '1984-05-17 09:18:51');
INSERT INTO `posts` (`post_id`, `user_id`, `body`, `created_at`, `updated_at`) VALUES ('11', '11', 'Autem est est perferendis cupiditate optio voluptatibus. Tempore qui maiores minus odit modi ullam quas. A nisi eligendi libero quia sunt temporibus.', '1989-08-28 23:58:43', '2009-05-08 05:24:14');
INSERT INTO `posts` (`post_id`, `user_id`, `body`, `created_at`, `updated_at`) VALUES ('12', '12', 'Voluptatem magni totam ea facere quidem. Unde quo et voluptatem voluptate. Fugit maxime non aut qui facere dignissimos qui. Aut aliquam architecto velit commodi sit doloremque nam.', '2009-10-18 04:18:27', '2012-04-26 12:35:01');
INSERT INTO `posts` (`post_id`, `user_id`, `body`, `created_at`, `updated_at`) VALUES ('13', '13', 'Maiores dolore ad sit nobis omnis expedita et. Error harum exercitationem dignissimos id veniam maxime. Omnis voluptatum rerum perferendis amet. Libero omnis magnam voluptatem in quae cupiditate ab.', '2008-05-11 04:41:08', '2002-06-18 16:22:24');
INSERT INTO `posts` (`post_id`, `user_id`, `body`, `created_at`, `updated_at`) VALUES ('14', '14', 'Non est quod veniam doloribus. Neque voluptates illum dolorem nulla modi sunt. Aperiam quia nihil nam doloribus.', '1971-11-20 14:19:35', '1988-02-18 07:41:14');
INSERT INTO `posts` (`post_id`, `user_id`, `body`, `created_at`, `updated_at`) VALUES ('15', '15', 'Inventore rem voluptatem cum. Voluptatem quam animi consequatur aut. Molestiae optio nemo voluptatem rerum delectus.', '1981-05-27 17:14:41', '2011-12-09 11:51:38');
INSERT INTO `posts` (`post_id`, `user_id`, `body`, `created_at`, `updated_at`) VALUES ('16', '16', 'Possimus illum labore perferendis assumenda quos consequatur tenetur. Ipsam voluptatem et est molestias. Soluta velit qui sapiente sit.', '1981-10-15 12:55:13', '2013-10-13 03:21:03');
INSERT INTO `posts` (`post_id`, `user_id`, `body`, `created_at`, `updated_at`) VALUES ('17', '17', 'Dignissimos alias quisquam dolores a veniam consequatur. Expedita ut et quo debitis. Explicabo labore occaecati ipsum vitae totam.', '2007-01-23 02:50:47', '1994-11-14 18:23:31');
INSERT INTO `posts` (`post_id`, `user_id`, `body`, `created_at`, `updated_at`) VALUES ('18', '18', 'Sapiente earum quia aut aliquam. Eaque qui architecto beatae modi et et accusamus. Quia distinctio ut esse ab expedita quo non.', '1991-08-23 04:17:45', '2013-04-24 21:20:04');
INSERT INTO `posts` (`post_id`, `user_id`, `body`, `created_at`, `updated_at`) VALUES ('19', '19', 'Laudantium quasi sed ipsam maiores. Debitis iusto laboriosam fugiat odio recusandae aspernatur. Sit autem delectus nostrum dolorem ut impedit.', '1988-04-14 02:41:52', '2007-07-12 01:45:02');
INSERT INTO `posts` (`post_id`, `user_id`, `body`, `created_at`, `updated_at`) VALUES ('20', '20', 'Neque totam ad sit dolorum delectus delectus numquam. Tempore aliquid rem ea ipsum eos pariatur veritatis. Illum et possimus atque voluptates non dolore voluptatibus. Ipsum blanditiis quidem occaecati voluptatum nobis. Et excepturi fuga consectetur.', '1980-12-12 10:57:06', '2013-11-18 20:44:25');
INSERT INTO `posts` (`post_id`, `user_id`, `body`, `created_at`, `updated_at`) VALUES ('21', '21', 'Voluptates quia ut soluta placeat. Doloribus consequatur ut aperiam deserunt qui nam.', '2019-07-13 21:50:20', '1990-02-02 01:15:59');
INSERT INTO `posts` (`post_id`, `user_id`, `body`, `created_at`, `updated_at`) VALUES ('22', '22', 'Nihil fuga atque qui commodi ratione est. Atque qui qui nam expedita quibusdam rerum. Aliquid quas sed qui aperiam.', '2003-12-13 05:46:34', '2016-07-02 23:40:05');
INSERT INTO `posts` (`post_id`, `user_id`, `body`, `created_at`, `updated_at`) VALUES ('23', '23', 'Laudantium provident quae earum quae error et. Dolores et quidem velit animi. Porro qui aliquam dolorem.', '1993-12-21 04:56:26', '1981-12-29 22:39:07');
INSERT INTO `posts` (`post_id`, `user_id`, `body`, `created_at`, `updated_at`) VALUES ('24', '24', 'Dolor quam et adipisci dolor nemo molestias autem. Recusandae et iste nisi omnis ipsum qui velit occaecati. Ipsa exercitationem sint blanditiis odio ut aperiam. Quia occaecati odio tempora nisi.', '1971-09-27 19:30:44', '2016-03-28 10:16:27');
INSERT INTO `posts` (`post_id`, `user_id`, `body`, `created_at`, `updated_at`) VALUES ('25', '25', 'Numquam aut magnam non. Similique eum minus molestias fugit id quam. Qui quo quia dolore illo quidem.', '2000-02-25 14:46:33', '2007-02-20 15:01:38');
INSERT INTO `posts` (`post_id`, `user_id`, `body`, `created_at`, `updated_at`) VALUES ('26', '26', 'Odio nostrum minima est iste hic velit iure. Repudiandae est inventore eaque et molestias quasi molestiae. Cupiditate eveniet minima repudiandae sequi distinctio.', '1994-08-17 13:59:28', '1970-06-23 03:47:18');
INSERT INTO `posts` (`post_id`, `user_id`, `body`, `created_at`, `updated_at`) VALUES ('27', '27', 'Odit vel sapiente in repellendus. Similique pariatur quae omnis voluptas et sit. Illum dicta doloremque quidem suscipit. Eum cumque dolorem quia.', '1983-01-11 19:30:41', '2009-04-28 01:36:16');
INSERT INTO `posts` (`post_id`, `user_id`, `body`, `created_at`, `updated_at`) VALUES ('28', '28', 'Modi est temporibus vero quo nihil sit. Et aut ut aspernatur voluptatem repellendus et. Excepturi molestias atque facere incidunt similique sit itaque vero.', '1994-09-26 21:18:43', '1983-06-02 05:06:50');
INSERT INTO `posts` (`post_id`, `user_id`, `body`, `created_at`, `updated_at`) VALUES ('29', '29', 'Iste blanditiis quis quod numquam commodi tempore vel. Rerum rerum dolor est repudiandae aspernatur beatae. Libero labore molestiae et et dolore reiciendis vitae.', '2017-04-04 23:08:59', '1998-12-10 15:26:36');
INSERT INTO `posts` (`post_id`, `user_id`, `body`, `created_at`, `updated_at`) VALUES ('30', '30', 'Nam dolores accusamus qui. Est tempora quia eos exercitationem sit consequatur facilis et. Mollitia impedit maxime quas eius.', '2018-08-06 11:54:50', '2014-05-19 05:11:14');
INSERT INTO `posts` (`post_id`, `user_id`, `body`, `created_at`, `updated_at`) VALUES ('31', '31', 'Voluptas et et labore minus aut rem. Accusantium accusantium aut magni voluptatem debitis. Fugiat nemo et id aliquid molestiae eos.', '2010-01-28 15:28:50', '2013-11-29 21:43:11');
INSERT INTO `posts` (`post_id`, `user_id`, `body`, `created_at`, `updated_at`) VALUES ('32', '32', 'Nesciunt quod quibusdam iusto expedita dolorem. Perspiciatis doloribus amet aut blanditiis aperiam. Esse ut repudiandae ea odit accusamus. Quibusdam voluptas assumenda magnam eos culpa.', '2012-06-17 13:40:23', '1982-02-06 06:08:19');
INSERT INTO `posts` (`post_id`, `user_id`, `body`, `created_at`, `updated_at`) VALUES ('33', '33', 'Quos doloremque aperiam repellat et. Cumque ut corrupti ullam.', '2017-11-12 14:21:13', '2010-07-15 12:50:22');
INSERT INTO `posts` (`post_id`, `user_id`, `body`, `created_at`, `updated_at`) VALUES ('34', '34', 'Labore esse magnam deleniti dolores esse occaecati quo. Dolor dolores dignissimos officiis sit nihil tempore soluta. Nesciunt ipsam voluptatem voluptatibus aperiam nostrum vel vero. Enim quia incidunt assumenda qui voluptate ut.', '1982-04-19 23:39:32', '2005-07-09 07:24:38');
INSERT INTO `posts` (`post_id`, `user_id`, `body`, `created_at`, `updated_at`) VALUES ('35', '35', 'Id quis inventore libero sit. Itaque beatae alias iure qui repellendus maxime sed ea. Asperiores veritatis explicabo necessitatibus magnam aliquid. Excepturi aliquam soluta omnis dolorem enim a omnis aut. Quia minima consequatur earum qui modi inventore fuga.', '2006-03-30 12:35:44', '1997-07-07 21:36:29');
INSERT INTO `posts` (`post_id`, `user_id`, `body`, `created_at`, `updated_at`) VALUES ('36', '36', 'Dolores aut iure aperiam facilis voluptatem tenetur maiores. Ut perspiciatis iste voluptate sunt veniam. Quidem et quibusdam alias ex perferendis.', '2017-06-08 01:51:40', '1978-06-18 06:56:39');
INSERT INTO `posts` (`post_id`, `user_id`, `body`, `created_at`, `updated_at`) VALUES ('37', '37', 'Odio quo autem ea omnis officia sint. Laborum quidem nisi tempora cupiditate eveniet sed exercitationem. Eos adipisci dolor exercitationem aut harum adipisci totam possimus.', '1972-03-27 21:19:25', '1972-08-09 06:13:58');
INSERT INTO `posts` (`post_id`, `user_id`, `body`, `created_at`, `updated_at`) VALUES ('38', '38', 'Id repellendus vel consectetur et sint natus facilis. Sit totam quas nulla quo in. Soluta quam sit illum eos at in optio. Et sit unde dolorem.', '1978-08-13 23:42:04', '2011-04-09 01:29:22');
INSERT INTO `posts` (`post_id`, `user_id`, `body`, `created_at`, `updated_at`) VALUES ('39', '39', 'Sint consequatur qui blanditiis pariatur consequuntur. Facere est ut ea doloribus. Facere velit aliquid qui perspiciatis explicabo. Maxime quam in optio mollitia voluptatem ratione. Ipsam facilis ipsa quae eius natus error voluptatem.', '2013-08-08 01:30:21', '1990-03-26 11:25:34');
INSERT INTO `posts` (`post_id`, `user_id`, `body`, `created_at`, `updated_at`) VALUES ('40', '40', 'Rerum et est voluptate modi. Sed rerum assumenda nulla optio iste.', '1983-04-04 03:31:03', '1973-05-28 23:44:37');
INSERT INTO `posts` (`post_id`, `user_id`, `body`, `created_at`, `updated_at`) VALUES ('41', '41', 'Qui repudiandae aut ab enim aut alias quia. Veniam debitis aliquid molestiae et consequuntur sed. Similique enim voluptatem a omnis aliquam harum. Et quia et iure magnam ut et.', '2016-07-22 19:20:41', '1971-12-10 11:06:35');
INSERT INTO `posts` (`post_id`, `user_id`, `body`, `created_at`, `updated_at`) VALUES ('42', '42', 'Qui porro ut aperiam aut tenetur. In autem et rerum. Tenetur voluptatum eaque qui natus nisi.', '1987-02-23 15:13:01', '2001-06-02 03:31:07');
INSERT INTO `posts` (`post_id`, `user_id`, `body`, `created_at`, `updated_at`) VALUES ('43', '43', 'Earum est a magnam et ut corrupti doloribus. Impedit rerum quia quia possimus aliquid aliquid rerum.', '2013-08-27 09:59:18', '1996-03-21 07:24:34');
INSERT INTO `posts` (`post_id`, `user_id`, `body`, `created_at`, `updated_at`) VALUES ('44', '44', 'Sequi aspernatur ad nam asperiores molestiae itaque. Voluptatem vitae accusamus molestiae omnis aut fugit.', '2010-03-31 12:47:39', '1981-07-01 01:34:42');
INSERT INTO `posts` (`post_id`, `user_id`, `body`, `created_at`, `updated_at`) VALUES ('45', '45', 'Et dolorum molestiae quae enim. Ab eius cupiditate vitae nemo. Corporis minus quidem blanditiis voluptatem ipsum. Saepe nesciunt rerum nobis sit pariatur ipsum eaque.', '2015-10-06 10:18:10', '2004-05-28 00:56:51');
INSERT INTO `posts` (`post_id`, `user_id`, `body`, `created_at`, `updated_at`) VALUES ('46', '46', 'Qui et ipsum perspiciatis quia. Et dicta reiciendis non dolores. Tempore totam sit tempore voluptas non. Fuga et qui cum cum et. Ut in similique aut.', '1990-08-11 22:25:18', '2010-12-30 20:00:00');
INSERT INTO `posts` (`post_id`, `user_id`, `body`, `created_at`, `updated_at`) VALUES ('47', '47', 'Modi explicabo ad eum laborum suscipit ad omnis. Officia iusto laborum odio aut. Sapiente voluptatum quasi placeat suscipit libero est. Est corrupti dolorem iste commodi quisquam quia id.', '1984-12-06 04:23:06', '1981-10-29 02:30:34');
INSERT INTO `posts` (`post_id`, `user_id`, `body`, `created_at`, `updated_at`) VALUES ('48', '48', 'Cumque maiores voluptatem consequatur est omnis. In id quis nostrum voluptatem officiis odio. Iusto labore et perspiciatis placeat.', '2014-10-27 00:48:23', '2010-03-05 03:14:55');
INSERT INTO `posts` (`post_id`, `user_id`, `body`, `created_at`, `updated_at`) VALUES ('49', '49', 'Ad non est voluptas eaque sit modi. Explicabo rerum iusto similique. Voluptatem similique facilis non. Exercitationem assumenda quis similique natus reprehenderit quia quis.', '1979-04-16 05:25:53', '2000-04-15 03:00:31');
INSERT INTO `posts` (`post_id`, `user_id`, `body`, `created_at`, `updated_at`) VALUES ('50', '50', 'Voluptas dolor iure voluptate facilis dolorem. Recusandae et sunt eius distinctio repudiandae. Adipisci quia neque odio sed a explicabo.', '1979-05-12 09:14:59', '1998-01-10 18:03:43');
INSERT INTO `posts` (`post_id`, `user_id`, `body`, `created_at`, `updated_at`) VALUES ('51', '51', 'Blanditiis et necessitatibus autem non asperiores eos. Iusto sed sed ea minima non fugiat aut. Optio quis reprehenderit quo perferendis.', '2013-08-17 04:28:22', '2000-03-22 23:36:52');
INSERT INTO `posts` (`post_id`, `user_id`, `body`, `created_at`, `updated_at`) VALUES ('52', '52', 'Numquam sint quos iure eveniet et tempora. Eum libero animi quasi ut perspiciatis consectetur. Nisi explicabo reiciendis repellat cum expedita sunt occaecati.', '1977-10-17 20:21:40', '2000-08-05 17:09:10');
INSERT INTO `posts` (`post_id`, `user_id`, `body`, `created_at`, `updated_at`) VALUES ('53', '53', 'Sapiente vel corrupti modi autem officia quisquam itaque sint. Consequuntur et quibusdam enim qui eum. Rem dolore placeat qui laboriosam exercitationem. Consectetur itaque dolor repudiandae vel vel repellat.', '1983-05-11 00:03:40', '1974-06-04 04:17:14');
INSERT INTO `posts` (`post_id`, `user_id`, `body`, `created_at`, `updated_at`) VALUES ('54', '54', 'Eveniet quasi nam et quo enim non. Nam et omnis optio est qui aut. Quia ut fugit voluptas eum. Sunt excepturi delectus tempora enim in sunt. Voluptatem aut non minus laudantium et.', '1998-09-23 16:01:30', '2011-03-29 21:04:13');
INSERT INTO `posts` (`post_id`, `user_id`, `body`, `created_at`, `updated_at`) VALUES ('55', '55', 'Mollitia enim non voluptatibus dolor rerum nihil possimus blanditiis. Repellat expedita sequi optio. Consequuntur quod qui quia quae excepturi debitis. Harum inventore molestias id doloribus repellendus.', '2012-12-07 07:30:26', '2013-07-06 02:22:44');
INSERT INTO `posts` (`post_id`, `user_id`, `body`, `created_at`, `updated_at`) VALUES ('56', '56', 'Dolorem et magni dolores. Unde labore voluptatibus aut fuga quo aspernatur aut. Molestias officiis enim voluptatem autem qui dolor.', '1974-01-18 18:03:03', '1997-06-12 09:13:27');
INSERT INTO `posts` (`post_id`, `user_id`, `body`, `created_at`, `updated_at`) VALUES ('57', '57', 'Dicta neque harum laborum aliquid sint reprehenderit in sint. Accusamus quas ipsa veniam iure dicta. Laudantium ut voluptatem inventore voluptas perspiciatis quis. Mollitia nesciunt quaerat error consequatur.', '1997-12-20 21:04:03', '2015-01-06 15:43:10');
INSERT INTO `posts` (`post_id`, `user_id`, `body`, `created_at`, `updated_at`) VALUES ('58', '58', 'Ratione laboriosam tempora voluptatem voluptatibus cumque. Ex consequatur impedit ut ut molestiae dolorem deserunt. Voluptatem vel est reprehenderit.', '2011-01-12 05:47:21', '2017-09-29 21:22:44');
INSERT INTO `posts` (`post_id`, `user_id`, `body`, `created_at`, `updated_at`) VALUES ('59', '59', 'A deleniti et beatae sint aut totam. Praesentium impedit nam dignissimos. Omnis voluptas ullam asperiores impedit sunt.', '2018-04-13 05:04:36', '2007-10-17 20:49:49');
INSERT INTO `posts` (`post_id`, `user_id`, `body`, `created_at`, `updated_at`) VALUES ('60', '60', 'Fugit illum rem similique. Perspiciatis fugiat consectetur sint corrupti aut porro. Pariatur dolores aut minima iste rerum. Omnis unde quas voluptatem est consequatur iusto minima.', '1984-01-26 00:02:47', '2009-05-06 10:03:07');
INSERT INTO `posts` (`post_id`, `user_id`, `body`, `created_at`, `updated_at`) VALUES ('61', '61', 'Est illo asperiores necessitatibus quaerat. Quos fugit harum voluptate eos tenetur odit dolor. Dolor et vel at animi dicta dolor quisquam et. Voluptas harum ea minima inventore dicta.', '1980-12-24 02:23:51', '2004-05-22 12:43:09');
INSERT INTO `posts` (`post_id`, `user_id`, `body`, `created_at`, `updated_at`) VALUES ('62', '62', 'Quisquam expedita aut sapiente explicabo ut temporibus qui. Accusantium commodi ipsum laboriosam vero odit velit saepe. Sint est laudantium et quisquam repellendus. Ut magni facere aperiam quae mollitia ipsum distinctio.', '1993-09-05 04:17:29', '2014-05-20 10:29:01');
INSERT INTO `posts` (`post_id`, `user_id`, `body`, `created_at`, `updated_at`) VALUES ('63', '63', 'Consectetur quia corrupti et quia fugit officiis. Ipsam exercitationem eligendi ut omnis. Non odio magni autem sunt ea omnis molestiae sint. Sed eveniet illo voluptatum nesciunt ipsum minima voluptatem.', '2010-09-29 13:14:43', '1993-10-11 08:49:51');
INSERT INTO `posts` (`post_id`, `user_id`, `body`, `created_at`, `updated_at`) VALUES ('64', '64', 'Atque sed veritatis suscipit. Voluptates doloremque voluptatum tempore totam provident nam. Voluptatibus accusamus et quod enim.', '1983-10-26 06:22:34', '2007-08-22 08:36:53');
INSERT INTO `posts` (`post_id`, `user_id`, `body`, `created_at`, `updated_at`) VALUES ('65', '65', 'Ullam facilis maiores atque alias doloribus. Quia vitae quasi necessitatibus vel quidem quibusdam. Dignissimos ullam pariatur asperiores pariatur. Rem modi exercitationem voluptatem est.', '1976-10-10 02:12:05', '2006-12-28 11:33:21');
INSERT INTO `posts` (`post_id`, `user_id`, `body`, `created_at`, `updated_at`) VALUES ('66', '66', 'Voluptatem est fugit quam ullam nostrum amet. Molestiae omnis tempora facilis. Est consequatur id sit aut fugit. Ea qui odit rerum assumenda earum labore. Atque voluptatem id ut soluta tenetur dolorum error.', '1975-03-17 15:59:46', '1980-11-27 00:37:50');
INSERT INTO `posts` (`post_id`, `user_id`, `body`, `created_at`, `updated_at`) VALUES ('67', '67', 'Doloribus nam est facere non consequuntur culpa minus. Ipsum velit facilis fugiat recusandae aut in. Qui perferendis illum quo temporibus minima aut culpa.', '1981-06-20 11:15:36', '1979-05-06 04:12:36');
INSERT INTO `posts` (`post_id`, `user_id`, `body`, `created_at`, `updated_at`) VALUES ('68', '68', 'Dicta doloribus eaque omnis sit voluptatem ipsa. Distinctio illum sit aut est. Quia rerum mollitia quia perspiciatis. Suscipit vitae quia qui repellendus.', '1970-01-16 06:16:19', '2016-07-27 19:12:26');
INSERT INTO `posts` (`post_id`, `user_id`, `body`, `created_at`, `updated_at`) VALUES ('69', '69', 'Quia nesciunt alias architecto in sequi consequuntur est. Ipsum ipsam placeat quas impedit. Dolorem modi qui et voluptas vero maiores omnis. Deserunt sint iste quibusdam eum quibusdam fugiat.', '1992-02-01 08:40:13', '1994-01-10 18:24:48');
INSERT INTO `posts` (`post_id`, `user_id`, `body`, `created_at`, `updated_at`) VALUES ('70', '70', 'Voluptas est nam qui. Eveniet fugiat quo minima vel error.', '2010-04-30 23:51:39', '1979-02-23 19:21:26');
INSERT INTO `posts` (`post_id`, `user_id`, `body`, `created_at`, `updated_at`) VALUES ('71', '71', 'Soluta quidem quia sit praesentium sapiente aut omnis. Reprehenderit enim est ut sunt tempora sed impedit. Quo officia laudantium suscipit blanditiis.', '2011-10-18 12:22:45', '2014-05-21 18:58:18');
INSERT INTO `posts` (`post_id`, `user_id`, `body`, `created_at`, `updated_at`) VALUES ('72', '72', 'Quis dicta sit possimus officia vero quis. Eaque et temporibus nihil quaerat consequatur. Nobis placeat deleniti id nobis.', '1996-10-05 07:27:41', '2016-09-15 18:50:51');
INSERT INTO `posts` (`post_id`, `user_id`, `body`, `created_at`, `updated_at`) VALUES ('73', '73', 'Corrupti qui velit iure et. Nisi exercitationem rem qui adipisci. Qui et rerum debitis enim ipsam fugiat aut occaecati.', '1986-01-07 21:58:35', '2018-06-23 23:40:43');
INSERT INTO `posts` (`post_id`, `user_id`, `body`, `created_at`, `updated_at`) VALUES ('74', '74', 'Labore vero beatae asperiores sapiente. Ut quibusdam perferendis quis natus aut. Tempora non ut deserunt illum. In qui quidem nostrum saepe.', '1970-09-26 14:15:43', '1978-07-09 13:19:31');
INSERT INTO `posts` (`post_id`, `user_id`, `body`, `created_at`, `updated_at`) VALUES ('75', '75', 'Quis voluptate in maiores explicabo distinctio et. Et ipsa rerum laborum alias est.', '1989-08-09 22:12:51', '2018-02-06 04:07:58');
INSERT INTO `posts` (`post_id`, `user_id`, `body`, `created_at`, `updated_at`) VALUES ('76', '76', 'Quis est qui molestias autem dolores et. Consequuntur nisi voluptate facilis et ut reiciendis ab. Accusantium voluptatem amet dolorem maiores. Voluptas est fugiat tenetur at consectetur. Magnam voluptatem consequatur consequatur numquam.', '2001-01-31 05:37:02', '2004-10-02 14:33:49');
INSERT INTO `posts` (`post_id`, `user_id`, `body`, `created_at`, `updated_at`) VALUES ('77', '77', 'Nesciunt enim harum ut cumque est. Facere a dicta sed doloremque nihil eligendi. Officiis ut rerum laboriosam recusandae consectetur aut. Sunt dicta tempore nobis quis velit.', '1993-12-16 02:30:46', '2000-01-22 19:04:00');
INSERT INTO `posts` (`post_id`, `user_id`, `body`, `created_at`, `updated_at`) VALUES ('78', '78', 'Illum eum nobis laborum libero. Et qui quia aperiam voluptas. Dolorum est quam officiis neque. Molestias dolorum ut neque ut voluptas.', '2017-02-16 20:53:17', '1982-11-19 09:51:11');
INSERT INTO `posts` (`post_id`, `user_id`, `body`, `created_at`, `updated_at`) VALUES ('79', '79', 'Consequatur consequuntur ad numquam in corrupti corrupti. Id ab repellat quia dolor placeat expedita. Accusamus exercitationem distinctio totam ratione quis consequuntur.', '2013-05-13 17:27:06', '1979-02-22 05:27:59');
INSERT INTO `posts` (`post_id`, `user_id`, `body`, `created_at`, `updated_at`) VALUES ('80', '80', 'Non eum voluptatibus itaque rerum. Ut numquam perferendis aut doloremque omnis praesentium. Voluptatem saepe est eveniet velit minima aspernatur dolorem.', '1991-01-09 12:31:48', '2004-06-17 05:48:20');
INSERT INTO `posts` (`post_id`, `user_id`, `body`, `created_at`, `updated_at`) VALUES ('81', '81', 'Non nemo et quis nostrum eaque. Aut consequatur accusantium ut rerum similique neque consectetur. Laborum eligendi quos atque quia ad. Natus molestiae id consequatur omnis nesciunt corrupti magnam. Sequi possimus et qui vitae ipsa praesentium placeat beatae.', '1977-11-01 16:40:54', '1986-10-17 05:01:54');
INSERT INTO `posts` (`post_id`, `user_id`, `body`, `created_at`, `updated_at`) VALUES ('82', '82', 'Fugit qui et eaque ipsa culpa voluptates harum. Commodi esse atque facilis earum molestias voluptatem. Nihil eligendi enim quidem ullam odio.', '1981-04-16 14:44:04', '1978-09-06 12:59:04');
INSERT INTO `posts` (`post_id`, `user_id`, `body`, `created_at`, `updated_at`) VALUES ('83', '83', 'Ab et amet totam autem nesciunt nemo voluptas. Nesciunt voluptas omnis aut maxime temporibus sint iste. Nobis hic accusamus at assumenda. Vel doloremque recusandae accusantium quis numquam est tenetur tempora.', '1993-02-02 18:34:48', '2018-11-15 06:33:09');
INSERT INTO `posts` (`post_id`, `user_id`, `body`, `created_at`, `updated_at`) VALUES ('84', '84', 'Ab et quo sit ipsam. Dolor est molestias consequatur minima. Dolores praesentium consequatur vel et asperiores ullam molestias sequi. Et quidem sunt esse. Saepe ea sapiente quo et.', '1992-11-28 23:21:44', '1989-02-13 11:06:28');
INSERT INTO `posts` (`post_id`, `user_id`, `body`, `created_at`, `updated_at`) VALUES ('85', '85', 'Et numquam consequatur qui voluptas ab cumque. Occaecati voluptatum repellat doloribus quis ad. Voluptas sint id aut animi exercitationem aliquam beatae.', '1992-07-31 12:57:28', '1988-12-30 14:46:41');
INSERT INTO `posts` (`post_id`, `user_id`, `body`, `created_at`, `updated_at`) VALUES ('86', '86', 'Voluptatem qui impedit cupiditate distinctio perferendis. Repudiandae aut ut qui dolores. Possimus nihil adipisci ut iure non ad omnis dolor. Reiciendis quas consequatur voluptatem reiciendis fuga ut quis.', '2000-05-21 08:11:46', '2005-06-21 01:10:37');
INSERT INTO `posts` (`post_id`, `user_id`, `body`, `created_at`, `updated_at`) VALUES ('87', '87', 'Voluptatum eos accusantium quia. Vitae autem qui illum deserunt totam et. Voluptas earum quis dolorem maiores eligendi deserunt magni.', '1990-04-12 13:32:50', '2004-07-09 21:38:27');
INSERT INTO `posts` (`post_id`, `user_id`, `body`, `created_at`, `updated_at`) VALUES ('88', '88', 'Voluptatem assumenda pariatur culpa excepturi. Voluptatibus sed in voluptas eveniet. Doloribus quisquam explicabo sit ut illo quam. Illum enim dolore rerum voluptatem minus.', '1990-06-28 01:09:42', '2003-03-21 22:12:13');
INSERT INTO `posts` (`post_id`, `user_id`, `body`, `created_at`, `updated_at`) VALUES ('89', '89', 'Consequatur velit enim maxime ea. Debitis exercitationem dolor veritatis assumenda dolor quos. Quibusdam in facere et sapiente.', '2010-10-09 21:38:44', '2011-03-27 17:27:18');
INSERT INTO `posts` (`post_id`, `user_id`, `body`, `created_at`, `updated_at`) VALUES ('90', '90', 'Est sunt voluptas omnis voluptatem error occaecati nihil aut. In alias nobis et sint ea. Et sit vero non sequi neque architecto. Ea placeat consectetur qui recusandae tenetur.', '1973-01-04 00:11:04', '2002-09-09 05:02:53');
INSERT INTO `posts` (`post_id`, `user_id`, `body`, `created_at`, `updated_at`) VALUES ('91', '91', 'Maiores aut ut quisquam tenetur dolorem eveniet. Aliquam illum aperiam ut quisquam aut facere. Eaque incidunt voluptas nemo provident consequatur.', '1973-02-27 08:34:38', '2004-11-25 21:31:15');
INSERT INTO `posts` (`post_id`, `user_id`, `body`, `created_at`, `updated_at`) VALUES ('92', '92', 'Occaecati mollitia eligendi possimus ducimus. Ea itaque voluptatem est voluptatibus. Suscipit velit occaecati et quas.', '1987-07-21 19:44:59', '1975-10-24 13:41:23');
INSERT INTO `posts` (`post_id`, `user_id`, `body`, `created_at`, `updated_at`) VALUES ('93', '93', 'Qui autem maxime recusandae rerum ullam et ea. Quam consequuntur nemo sit ea saepe. Dolorem non et animi et velit.', '1975-04-15 05:00:14', '1976-10-21 22:35:50');
INSERT INTO `posts` (`post_id`, `user_id`, `body`, `created_at`, `updated_at`) VALUES ('94', '94', 'Odio maiores rerum et nihil quisquam animi ab dignissimos. Error vero et maxime et reprehenderit libero ab.', '1983-07-21 14:32:01', '1992-06-28 05:55:17');
INSERT INTO `posts` (`post_id`, `user_id`, `body`, `created_at`, `updated_at`) VALUES ('95', '95', 'Minus dolor exercitationem facere animi ut quae. Harum magni doloribus voluptatem numquam harum eligendi. Eum autem libero ullam autem doloremque.', '1993-12-19 02:36:27', '1971-09-07 21:28:24');
INSERT INTO `posts` (`post_id`, `user_id`, `body`, `created_at`, `updated_at`) VALUES ('96', '96', 'Iure suscipit molestiae culpa. Veniam ut recusandae fugit ut.', '1983-10-03 11:25:13', '1996-10-30 21:34:05');
INSERT INTO `posts` (`post_id`, `user_id`, `body`, `created_at`, `updated_at`) VALUES ('97', '97', 'Nulla labore molestiae aut beatae repellendus. Velit et sunt voluptatem neque nesciunt. Sunt excepturi debitis quia quo et consequatur et. Voluptates quia sapiente quod et.', '1974-05-25 15:02:41', '1992-03-30 14:51:24');
INSERT INTO `posts` (`post_id`, `user_id`, `body`, `created_at`, `updated_at`) VALUES ('98', '98', 'Dolor facere fugit porro sit quam. In quis aut dolorum voluptas. Ratione sunt fugiat nemo et ut. Eos voluptas aliquid ea dicta est aliquid doloribus.', '1989-05-26 23:48:37', '1983-03-07 17:38:35');
INSERT INTO `posts` (`post_id`, `user_id`, `body`, `created_at`, `updated_at`) VALUES ('99', '99', 'Dolorum enim necessitatibus facilis eveniet qui deleniti. Totam impedit qui atque aut dolorem. Amet repudiandae quas amet numquam qui velit. Incidunt omnis deleniti voluptatem labore ab aut amet.', '1995-03-12 10:38:33', '2008-04-18 23:17:47');
INSERT INTO `posts` (`post_id`, `user_id`, `body`, `created_at`, `updated_at`) VALUES ('100', '100', 'Quis dolores nesciunt quos id quo. Qui possimus reiciendis quis vitae nisi non.', '2004-11-17 23:33:41', '1981-06-03 22:35:31');

CREATE TABLE `likes` (
  `id` bigint(20) unsigned NOT NULL AUTO_INCREMENT,
  `user_id` bigint(20) unsigned NOT NULL,
  `post_id` bigint(20) unsigned NOT NULL,
  `media_id` bigint(20) unsigned NOT NULL,
  `created_at` datetime DEFAULT current_timestamp(),
  PRIMARY KEY (`id`),
  KEY `user_id` (`user_id`),
  KEY `media_id` (`media_id`),
  KEY `post_id` (`post_id`),
  CONSTRAINT `likes_ibfk_1` FOREIGN KEY (`user_id`) REFERENCES `users` (`id`),
  CONSTRAINT `likes_ibfk_2` FOREIGN KEY (`media_id`) REFERENCES `media` (`id`),
  CONSTRAINT `likes_ibfk_3` FOREIGN KEY (`post_id`) REFERENCES `posts` (`post_id`)
) ENGINE=InnoDB AUTO_INCREMENT=101 DEFAULT CHARSET=utf8 COLLATE=utf8_unicode_ci;

INSERT INTO `likes` (`id`, `user_id`, `post_id`, `media_id`, `created_at`) VALUES ('1', '1', '1', '1', '1989-07-01 18:22:32');
INSERT INTO `likes` (`id`, `user_id`, `post_id`, `media_id`, `created_at`) VALUES ('2', '2', '2', '2', '1978-06-03 09:58:21');
INSERT INTO `likes` (`id`, `user_id`, `post_id`, `media_id`, `created_at`) VALUES ('3', '3', '3', '3', '2012-05-21 07:05:09');
INSERT INTO `likes` (`id`, `user_id`, `post_id`, `media_id`, `created_at`) VALUES ('4', '4', '4', '4', '1992-02-20 22:18:28');
INSERT INTO `likes` (`id`, `user_id`, `post_id`, `media_id`, `created_at`) VALUES ('5', '5', '5', '5', '1981-06-23 13:10:07');
INSERT INTO `likes` (`id`, `user_id`, `post_id`, `media_id`, `created_at`) VALUES ('6', '6', '6', '6', '2011-01-13 02:16:37');
INSERT INTO `likes` (`id`, `user_id`, `post_id`, `media_id`, `created_at`) VALUES ('7', '7', '7', '7', '1970-04-07 21:21:07');
INSERT INTO `likes` (`id`, `user_id`, `post_id`, `media_id`, `created_at`) VALUES ('8', '8', '8', '8', '1980-11-24 02:24:39');
INSERT INTO `likes` (`id`, `user_id`, `post_id`, `media_id`, `created_at`) VALUES ('9', '9', '9', '9', '1995-10-29 17:57:52');
INSERT INTO `likes` (`id`, `user_id`, `post_id`, `media_id`, `created_at`) VALUES ('10', '10', '10', '10', '2003-07-24 07:02:43');
INSERT INTO `likes` (`id`, `user_id`, `post_id`, `media_id`, `created_at`) VALUES ('11', '11', '11', '11', '2011-10-03 00:17:23');
INSERT INTO `likes` (`id`, `user_id`, `post_id`, `media_id`, `created_at`) VALUES ('12', '12', '12', '12', '1992-12-17 15:30:33');
INSERT INTO `likes` (`id`, `user_id`, `post_id`, `media_id`, `created_at`) VALUES ('13', '13', '13', '13', '2009-07-11 16:54:57');
INSERT INTO `likes` (`id`, `user_id`, `post_id`, `media_id`, `created_at`) VALUES ('14', '14', '14', '14', '1989-08-27 10:47:07');
INSERT INTO `likes` (`id`, `user_id`, `post_id`, `media_id`, `created_at`) VALUES ('15', '15', '15', '15', '1988-08-30 07:14:59');
INSERT INTO `likes` (`id`, `user_id`, `post_id`, `media_id`, `created_at`) VALUES ('16', '16', '16', '16', '1990-12-29 13:34:04');
INSERT INTO `likes` (`id`, `user_id`, `post_id`, `media_id`, `created_at`) VALUES ('17', '17', '17', '17', '1999-10-30 21:17:22');
INSERT INTO `likes` (`id`, `user_id`, `post_id`, `media_id`, `created_at`) VALUES ('18', '18', '18', '18', '2000-05-08 09:02:13');
INSERT INTO `likes` (`id`, `user_id`, `post_id`, `media_id`, `created_at`) VALUES ('19', '19', '19', '19', '1979-03-03 14:43:29');
INSERT INTO `likes` (`id`, `user_id`, `post_id`, `media_id`, `created_at`) VALUES ('20', '20', '20', '20', '1975-04-05 10:12:03');
INSERT INTO `likes` (`id`, `user_id`, `post_id`, `media_id`, `created_at`) VALUES ('21', '21', '21', '21', '1976-10-31 07:46:44');
INSERT INTO `likes` (`id`, `user_id`, `post_id`, `media_id`, `created_at`) VALUES ('22', '22', '22', '22', '1977-07-22 13:10:11');
INSERT INTO `likes` (`id`, `user_id`, `post_id`, `media_id`, `created_at`) VALUES ('23', '23', '23', '23', '1976-10-24 10:42:16');
INSERT INTO `likes` (`id`, `user_id`, `post_id`, `media_id`, `created_at`) VALUES ('24', '24', '24', '24', '1999-09-06 06:06:43');
INSERT INTO `likes` (`id`, `user_id`, `post_id`, `media_id`, `created_at`) VALUES ('25', '25', '25', '25', '2010-08-16 19:53:29');
INSERT INTO `likes` (`id`, `user_id`, `post_id`, `media_id`, `created_at`) VALUES ('26', '26', '26', '26', '2001-02-03 19:31:32');
INSERT INTO `likes` (`id`, `user_id`, `post_id`, `media_id`, `created_at`) VALUES ('27', '27', '27', '27', '1971-11-24 07:30:15');
INSERT INTO `likes` (`id`, `user_id`, `post_id`, `media_id`, `created_at`) VALUES ('28', '28', '28', '28', '2002-06-18 03:34:42');
INSERT INTO `likes` (`id`, `user_id`, `post_id`, `media_id`, `created_at`) VALUES ('29', '29', '29', '29', '1988-06-11 04:43:38');
INSERT INTO `likes` (`id`, `user_id`, `post_id`, `media_id`, `created_at`) VALUES ('30', '30', '30', '30', '1998-04-04 02:29:24');
INSERT INTO `likes` (`id`, `user_id`, `post_id`, `media_id`, `created_at`) VALUES ('31', '31', '31', '31', '1988-06-27 10:29:10');
INSERT INTO `likes` (`id`, `user_id`, `post_id`, `media_id`, `created_at`) VALUES ('32', '32', '32', '32', '2018-09-25 04:51:41');
INSERT INTO `likes` (`id`, `user_id`, `post_id`, `media_id`, `created_at`) VALUES ('33', '33', '33', '33', '1973-07-25 19:07:38');
INSERT INTO `likes` (`id`, `user_id`, `post_id`, `media_id`, `created_at`) VALUES ('34', '34', '34', '34', '1975-12-22 13:52:56');
INSERT INTO `likes` (`id`, `user_id`, `post_id`, `media_id`, `created_at`) VALUES ('35', '35', '35', '35', '1972-08-15 08:59:03');
INSERT INTO `likes` (`id`, `user_id`, `post_id`, `media_id`, `created_at`) VALUES ('36', '36', '36', '36', '2013-10-07 08:46:16');
INSERT INTO `likes` (`id`, `user_id`, `post_id`, `media_id`, `created_at`) VALUES ('37', '37', '37', '37', '2004-06-13 12:07:08');
INSERT INTO `likes` (`id`, `user_id`, `post_id`, `media_id`, `created_at`) VALUES ('38', '38', '38', '38', '2008-12-14 16:20:39');
INSERT INTO `likes` (`id`, `user_id`, `post_id`, `media_id`, `created_at`) VALUES ('39', '39', '39', '39', '1998-10-03 05:02:06');
INSERT INTO `likes` (`id`, `user_id`, `post_id`, `media_id`, `created_at`) VALUES ('40', '40', '40', '40', '1989-10-12 14:41:51');
INSERT INTO `likes` (`id`, `user_id`, `post_id`, `media_id`, `created_at`) VALUES ('41', '41', '41', '41', '1991-04-28 21:23:17');
INSERT INTO `likes` (`id`, `user_id`, `post_id`, `media_id`, `created_at`) VALUES ('42', '42', '42', '42', '1990-12-31 21:37:35');
INSERT INTO `likes` (`id`, `user_id`, `post_id`, `media_id`, `created_at`) VALUES ('43', '43', '43', '43', '1974-05-15 03:20:47');
INSERT INTO `likes` (`id`, `user_id`, `post_id`, `media_id`, `created_at`) VALUES ('44', '44', '44', '44', '1986-08-25 11:13:13');
INSERT INTO `likes` (`id`, `user_id`, `post_id`, `media_id`, `created_at`) VALUES ('45', '45', '45', '45', '1995-02-16 09:13:57');
INSERT INTO `likes` (`id`, `user_id`, `post_id`, `media_id`, `created_at`) VALUES ('46', '46', '46', '46', '2002-05-06 08:13:41');
INSERT INTO `likes` (`id`, `user_id`, `post_id`, `media_id`, `created_at`) VALUES ('47', '47', '47', '47', '2003-07-20 03:13:26');
INSERT INTO `likes` (`id`, `user_id`, `post_id`, `media_id`, `created_at`) VALUES ('48', '48', '48', '48', '1971-03-29 23:02:41');
INSERT INTO `likes` (`id`, `user_id`, `post_id`, `media_id`, `created_at`) VALUES ('49', '49', '49', '49', '1992-01-30 05:07:11');
INSERT INTO `likes` (`id`, `user_id`, `post_id`, `media_id`, `created_at`) VALUES ('50', '50', '50', '50', '2017-09-05 10:09:11');
INSERT INTO `likes` (`id`, `user_id`, `post_id`, `media_id`, `created_at`) VALUES ('51', '51', '51', '51', '1992-11-08 06:48:35');
INSERT INTO `likes` (`id`, `user_id`, `post_id`, `media_id`, `created_at`) VALUES ('52', '52', '52', '52', '1995-09-27 00:06:46');
INSERT INTO `likes` (`id`, `user_id`, `post_id`, `media_id`, `created_at`) VALUES ('53', '53', '53', '53', '1978-08-29 00:41:39');
INSERT INTO `likes` (`id`, `user_id`, `post_id`, `media_id`, `created_at`) VALUES ('54', '54', '54', '54', '2010-08-06 02:48:38');
INSERT INTO `likes` (`id`, `user_id`, `post_id`, `media_id`, `created_at`) VALUES ('55', '55', '55', '55', '1978-02-03 04:13:32');
INSERT INTO `likes` (`id`, `user_id`, `post_id`, `media_id`, `created_at`) VALUES ('56', '56', '56', '56', '2006-07-20 05:07:10');
INSERT INTO `likes` (`id`, `user_id`, `post_id`, `media_id`, `created_at`) VALUES ('57', '57', '57', '57', '1979-05-05 18:05:58');
INSERT INTO `likes` (`id`, `user_id`, `post_id`, `media_id`, `created_at`) VALUES ('58', '58', '58', '58', '1970-08-01 14:30:23');
INSERT INTO `likes` (`id`, `user_id`, `post_id`, `media_id`, `created_at`) VALUES ('59', '59', '59', '59', '1980-10-16 05:44:56');
INSERT INTO `likes` (`id`, `user_id`, `post_id`, `media_id`, `created_at`) VALUES ('60', '60', '60', '60', '2012-07-16 01:14:39');
INSERT INTO `likes` (`id`, `user_id`, `post_id`, `media_id`, `created_at`) VALUES ('61', '61', '61', '61', '2014-06-25 01:43:22');
INSERT INTO `likes` (`id`, `user_id`, `post_id`, `media_id`, `created_at`) VALUES ('62', '62', '62', '62', '1993-06-19 10:11:55');
INSERT INTO `likes` (`id`, `user_id`, `post_id`, `media_id`, `created_at`) VALUES ('63', '63', '63', '63', '1983-09-08 09:59:12');
INSERT INTO `likes` (`id`, `user_id`, `post_id`, `media_id`, `created_at`) VALUES ('64', '64', '64', '64', '1991-08-02 02:56:57');
INSERT INTO `likes` (`id`, `user_id`, `post_id`, `media_id`, `created_at`) VALUES ('65', '65', '65', '65', '1990-08-14 13:29:50');
INSERT INTO `likes` (`id`, `user_id`, `post_id`, `media_id`, `created_at`) VALUES ('66', '66', '66', '66', '2010-04-25 05:38:01');
INSERT INTO `likes` (`id`, `user_id`, `post_id`, `media_id`, `created_at`) VALUES ('67', '67', '67', '67', '2005-04-13 09:06:50');
INSERT INTO `likes` (`id`, `user_id`, `post_id`, `media_id`, `created_at`) VALUES ('68', '68', '68', '68', '1991-03-31 11:58:36');
INSERT INTO `likes` (`id`, `user_id`, `post_id`, `media_id`, `created_at`) VALUES ('69', '69', '69', '69', '1980-02-27 22:06:10');
INSERT INTO `likes` (`id`, `user_id`, `post_id`, `media_id`, `created_at`) VALUES ('70', '70', '70', '70', '1984-06-30 03:39:38');
INSERT INTO `likes` (`id`, `user_id`, `post_id`, `media_id`, `created_at`) VALUES ('71', '71', '71', '71', '1992-05-29 16:30:41');
INSERT INTO `likes` (`id`, `user_id`, `post_id`, `media_id`, `created_at`) VALUES ('72', '72', '72', '72', '1973-01-02 12:18:59');
INSERT INTO `likes` (`id`, `user_id`, `post_id`, `media_id`, `created_at`) VALUES ('73', '73', '73', '73', '1991-07-29 20:52:00');
INSERT INTO `likes` (`id`, `user_id`, `post_id`, `media_id`, `created_at`) VALUES ('74', '74', '74', '74', '2000-10-26 23:25:14');
INSERT INTO `likes` (`id`, `user_id`, `post_id`, `media_id`, `created_at`) VALUES ('75', '75', '75', '75', '1992-08-30 14:02:46');
INSERT INTO `likes` (`id`, `user_id`, `post_id`, `media_id`, `created_at`) VALUES ('76', '76', '76', '76', '2004-10-10 09:00:56');
INSERT INTO `likes` (`id`, `user_id`, `post_id`, `media_id`, `created_at`) VALUES ('77', '77', '77', '77', '1979-09-28 22:52:53');
INSERT INTO `likes` (`id`, `user_id`, `post_id`, `media_id`, `created_at`) VALUES ('78', '78', '78', '78', '2019-01-10 09:18:54');
INSERT INTO `likes` (`id`, `user_id`, `post_id`, `media_id`, `created_at`) VALUES ('79', '79', '79', '79', '1976-04-07 19:32:41');
INSERT INTO `likes` (`id`, `user_id`, `post_id`, `media_id`, `created_at`) VALUES ('80', '80', '80', '80', '2003-07-04 18:08:15');
INSERT INTO `likes` (`id`, `user_id`, `post_id`, `media_id`, `created_at`) VALUES ('81', '81', '81', '81', '1984-05-31 15:33:18');
INSERT INTO `likes` (`id`, `user_id`, `post_id`, `media_id`, `created_at`) VALUES ('82', '82', '82', '82', '1983-10-25 19:13:30');
INSERT INTO `likes` (`id`, `user_id`, `post_id`, `media_id`, `created_at`) VALUES ('83', '83', '83', '83', '2014-02-18 04:56:52');
INSERT INTO `likes` (`id`, `user_id`, `post_id`, `media_id`, `created_at`) VALUES ('84', '84', '84', '84', '1992-06-20 04:47:10');
INSERT INTO `likes` (`id`, `user_id`, `post_id`, `media_id`, `created_at`) VALUES ('85', '85', '85', '85', '2016-03-05 13:12:39');
INSERT INTO `likes` (`id`, `user_id`, `post_id`, `media_id`, `created_at`) VALUES ('86', '86', '86', '86', '2011-11-06 20:13:15');
INSERT INTO `likes` (`id`, `user_id`, `post_id`, `media_id`, `created_at`) VALUES ('87', '87', '87', '87', '1972-08-15 11:07:00');
INSERT INTO `likes` (`id`, `user_id`, `post_id`, `media_id`, `created_at`) VALUES ('88', '88', '88', '88', '1971-07-02 19:58:53');
INSERT INTO `likes` (`id`, `user_id`, `post_id`, `media_id`, `created_at`) VALUES ('89', '89', '89', '89', '2011-03-08 19:33:15');
INSERT INTO `likes` (`id`, `user_id`, `post_id`, `media_id`, `created_at`) VALUES ('90', '90', '90', '90', '2004-01-04 04:26:34');
INSERT INTO `likes` (`id`, `user_id`, `post_id`, `media_id`, `created_at`) VALUES ('91', '91', '91', '91', '1977-03-23 03:51:33');
INSERT INTO `likes` (`id`, `user_id`, `post_id`, `media_id`, `created_at`) VALUES ('92', '92', '92', '92', '1986-03-14 18:26:21');
INSERT INTO `likes` (`id`, `user_id`, `post_id`, `media_id`, `created_at`) VALUES ('93', '93', '93', '93', '2002-10-25 12:59:53');
INSERT INTO `likes` (`id`, `user_id`, `post_id`, `media_id`, `created_at`) VALUES ('94', '94', '94', '94', '1971-09-18 10:18:55');
INSERT INTO `likes` (`id`, `user_id`, `post_id`, `media_id`, `created_at`) VALUES ('95', '95', '95', '95', '1972-09-26 03:46:00');
INSERT INTO `likes` (`id`, `user_id`, `post_id`, `media_id`, `created_at`) VALUES ('96', '96', '96', '96', '1995-07-22 01:01:30');
INSERT INTO `likes` (`id`, `user_id`, `post_id`, `media_id`, `created_at`) VALUES ('97', '97', '97', '97', '2016-07-23 09:11:03');
INSERT INTO `likes` (`id`, `user_id`, `post_id`, `media_id`, `created_at`) VALUES ('98', '98', '98', '98', '1999-09-11 10:04:19');
INSERT INTO `likes` (`id`, `user_id`, `post_id`, `media_id`, `created_at`) VALUES ('99', '99', '99', '99', '2019-09-15 16:29:28');
INSERT INTO `likes` (`id`, `user_id`, `post_id`, `media_id`, `created_at`) VALUES ('100', '100', '100', '100', '2001-07-07 17:59:15');

CREATE TABLE `photo_albums` (
  `id` bigint(20) unsigned NOT NULL AUTO_INCREMENT,
  `name` varchar(255) COLLATE utf8_unicode_ci DEFAULT NULL,
  `user_id` bigint(20) unsigned DEFAULT NULL,
  PRIMARY KEY (`id`),
  UNIQUE KEY `id` (`id`),
  KEY `user_id` (`user_id`),
  CONSTRAINT `photo_albums_ibfk_1` FOREIGN KEY (`user_id`) REFERENCES `users` (`id`)
) ENGINE=InnoDB AUTO_INCREMENT=101 DEFAULT CHARSET=utf8 COLLATE=utf8_unicode_ci;

INSERT INTO `photo_albums` (`id`, `name`, `user_id`) VALUES ('1', 'molestiae', '1');
INSERT INTO `photo_albums` (`id`, `name`, `user_id`) VALUES ('2', 'non', '2');
INSERT INTO `photo_albums` (`id`, `name`, `user_id`) VALUES ('3', 'voluptas', '3');
INSERT INTO `photo_albums` (`id`, `name`, `user_id`) VALUES ('4', 'aspernatur', '4');
INSERT INTO `photo_albums` (`id`, `name`, `user_id`) VALUES ('5', 'commodi', '5');
INSERT INTO `photo_albums` (`id`, `name`, `user_id`) VALUES ('6', 'voluptate', '6');
INSERT INTO `photo_albums` (`id`, `name`, `user_id`) VALUES ('7', 'atque', '7');
INSERT INTO `photo_albums` (`id`, `name`, `user_id`) VALUES ('8', 'sequi', '8');
INSERT INTO `photo_albums` (`id`, `name`, `user_id`) VALUES ('9', 'et', '9');
INSERT INTO `photo_albums` (`id`, `name`, `user_id`) VALUES ('10', 'soluta', '10');
INSERT INTO `photo_albums` (`id`, `name`, `user_id`) VALUES ('11', 'mollitia', '11');
INSERT INTO `photo_albums` (`id`, `name`, `user_id`) VALUES ('12', 'laudantium', '12');
INSERT INTO `photo_albums` (`id`, `name`, `user_id`) VALUES ('13', 'ut', '13');
INSERT INTO `photo_albums` (`id`, `name`, `user_id`) VALUES ('14', 'voluptas', '14');
INSERT INTO `photo_albums` (`id`, `name`, `user_id`) VALUES ('15', 'laudantium', '15');
INSERT INTO `photo_albums` (`id`, `name`, `user_id`) VALUES ('16', 'officia', '16');
INSERT INTO `photo_albums` (`id`, `name`, `user_id`) VALUES ('17', 'et', '17');
INSERT INTO `photo_albums` (`id`, `name`, `user_id`) VALUES ('18', 'repudiandae', '18');
INSERT INTO `photo_albums` (`id`, `name`, `user_id`) VALUES ('19', 'quibusdam', '19');
INSERT INTO `photo_albums` (`id`, `name`, `user_id`) VALUES ('20', 'voluptate', '20');
INSERT INTO `photo_albums` (`id`, `name`, `user_id`) VALUES ('21', 'animi', '21');
INSERT INTO `photo_albums` (`id`, `name`, `user_id`) VALUES ('22', 'aspernatur', '22');
INSERT INTO `photo_albums` (`id`, `name`, `user_id`) VALUES ('23', 'dolore', '23');
INSERT INTO `photo_albums` (`id`, `name`, `user_id`) VALUES ('24', 'animi', '24');
INSERT INTO `photo_albums` (`id`, `name`, `user_id`) VALUES ('25', 'qui', '25');
INSERT INTO `photo_albums` (`id`, `name`, `user_id`) VALUES ('26', 'animi', '26');
INSERT INTO `photo_albums` (`id`, `name`, `user_id`) VALUES ('27', 'repudiandae', '27');
INSERT INTO `photo_albums` (`id`, `name`, `user_id`) VALUES ('28', 'nesciunt', '28');
INSERT INTO `photo_albums` (`id`, `name`, `user_id`) VALUES ('29', 'vitae', '29');
INSERT INTO `photo_albums` (`id`, `name`, `user_id`) VALUES ('30', 'dolorem', '30');
INSERT INTO `photo_albums` (`id`, `name`, `user_id`) VALUES ('31', 'soluta', '31');
INSERT INTO `photo_albums` (`id`, `name`, `user_id`) VALUES ('32', 'deserunt', '32');
INSERT INTO `photo_albums` (`id`, `name`, `user_id`) VALUES ('33', 'optio', '33');
INSERT INTO `photo_albums` (`id`, `name`, `user_id`) VALUES ('34', 'cupiditate', '34');
INSERT INTO `photo_albums` (`id`, `name`, `user_id`) VALUES ('35', 'quibusdam', '35');
INSERT INTO `photo_albums` (`id`, `name`, `user_id`) VALUES ('36', 'distinctio', '36');
INSERT INTO `photo_albums` (`id`, `name`, `user_id`) VALUES ('37', 'omnis', '37');
INSERT INTO `photo_albums` (`id`, `name`, `user_id`) VALUES ('38', 'quas', '38');
INSERT INTO `photo_albums` (`id`, `name`, `user_id`) VALUES ('39', 'dignissimos', '39');
INSERT INTO `photo_albums` (`id`, `name`, `user_id`) VALUES ('40', 'harum', '40');
INSERT INTO `photo_albums` (`id`, `name`, `user_id`) VALUES ('41', 'blanditiis', '41');
INSERT INTO `photo_albums` (`id`, `name`, `user_id`) VALUES ('42', 'saepe', '42');
INSERT INTO `photo_albums` (`id`, `name`, `user_id`) VALUES ('43', 'vel', '43');
INSERT INTO `photo_albums` (`id`, `name`, `user_id`) VALUES ('44', 'quo', '44');
INSERT INTO `photo_albums` (`id`, `name`, `user_id`) VALUES ('45', 'aut', '45');
INSERT INTO `photo_albums` (`id`, `name`, `user_id`) VALUES ('46', 'excepturi', '46');
INSERT INTO `photo_albums` (`id`, `name`, `user_id`) VALUES ('47', 'soluta', '47');
INSERT INTO `photo_albums` (`id`, `name`, `user_id`) VALUES ('48', 'quasi', '48');
INSERT INTO `photo_albums` (`id`, `name`, `user_id`) VALUES ('49', 'voluptatum', '49');
INSERT INTO `photo_albums` (`id`, `name`, `user_id`) VALUES ('50', 'molestiae', '50');
INSERT INTO `photo_albums` (`id`, `name`, `user_id`) VALUES ('51', 'sunt', '51');
INSERT INTO `photo_albums` (`id`, `name`, `user_id`) VALUES ('52', 'nam', '52');
INSERT INTO `photo_albums` (`id`, `name`, `user_id`) VALUES ('53', 'nobis', '53');
INSERT INTO `photo_albums` (`id`, `name`, `user_id`) VALUES ('54', 'omnis', '54');
INSERT INTO `photo_albums` (`id`, `name`, `user_id`) VALUES ('55', 'recusandae', '55');
INSERT INTO `photo_albums` (`id`, `name`, `user_id`) VALUES ('56', 'et', '56');
INSERT INTO `photo_albums` (`id`, `name`, `user_id`) VALUES ('57', 'illo', '57');
INSERT INTO `photo_albums` (`id`, `name`, `user_id`) VALUES ('58', 'et', '58');
INSERT INTO `photo_albums` (`id`, `name`, `user_id`) VALUES ('59', 'temporibus', '59');
INSERT INTO `photo_albums` (`id`, `name`, `user_id`) VALUES ('60', 'et', '60');
INSERT INTO `photo_albums` (`id`, `name`, `user_id`) VALUES ('61', 'consectetur', '61');
INSERT INTO `photo_albums` (`id`, `name`, `user_id`) VALUES ('62', 'et', '62');
INSERT INTO `photo_albums` (`id`, `name`, `user_id`) VALUES ('63', 'qui', '63');
INSERT INTO `photo_albums` (`id`, `name`, `user_id`) VALUES ('64', 'quod', '64');
INSERT INTO `photo_albums` (`id`, `name`, `user_id`) VALUES ('65', 'aut', '65');
INSERT INTO `photo_albums` (`id`, `name`, `user_id`) VALUES ('66', 'veritatis', '66');
INSERT INTO `photo_albums` (`id`, `name`, `user_id`) VALUES ('67', 'molestias', '67');
INSERT INTO `photo_albums` (`id`, `name`, `user_id`) VALUES ('68', 'voluptatem', '68');
INSERT INTO `photo_albums` (`id`, `name`, `user_id`) VALUES ('69', 'doloribus', '69');
INSERT INTO `photo_albums` (`id`, `name`, `user_id`) VALUES ('70', 'sint', '70');
INSERT INTO `photo_albums` (`id`, `name`, `user_id`) VALUES ('71', 'soluta', '71');
INSERT INTO `photo_albums` (`id`, `name`, `user_id`) VALUES ('72', 'molestiae', '72');
INSERT INTO `photo_albums` (`id`, `name`, `user_id`) VALUES ('73', 'tenetur', '73');
INSERT INTO `photo_albums` (`id`, `name`, `user_id`) VALUES ('74', 'id', '74');
INSERT INTO `photo_albums` (`id`, `name`, `user_id`) VALUES ('75', 'ipsum', '75');
INSERT INTO `photo_albums` (`id`, `name`, `user_id`) VALUES ('76', 'neque', '76');
INSERT INTO `photo_albums` (`id`, `name`, `user_id`) VALUES ('77', 'sed', '77');
INSERT INTO `photo_albums` (`id`, `name`, `user_id`) VALUES ('78', 'ut', '78');
INSERT INTO `photo_albums` (`id`, `name`, `user_id`) VALUES ('79', 'molestias', '79');
INSERT INTO `photo_albums` (`id`, `name`, `user_id`) VALUES ('80', 'quia', '80');
INSERT INTO `photo_albums` (`id`, `name`, `user_id`) VALUES ('81', 'dolorem', '81');
INSERT INTO `photo_albums` (`id`, `name`, `user_id`) VALUES ('82', 'impedit', '82');
INSERT INTO `photo_albums` (`id`, `name`, `user_id`) VALUES ('83', 'culpa', '83');
INSERT INTO `photo_albums` (`id`, `name`, `user_id`) VALUES ('84', 'dolores', '84');
INSERT INTO `photo_albums` (`id`, `name`, `user_id`) VALUES ('85', 'repellendus', '85');
INSERT INTO `photo_albums` (`id`, `name`, `user_id`) VALUES ('86', 'adipisci', '86');
INSERT INTO `photo_albums` (`id`, `name`, `user_id`) VALUES ('87', 'minus', '87');
INSERT INTO `photo_albums` (`id`, `name`, `user_id`) VALUES ('88', 'aut', '88');
INSERT INTO `photo_albums` (`id`, `name`, `user_id`) VALUES ('89', 'autem', '89');
INSERT INTO `photo_albums` (`id`, `name`, `user_id`) VALUES ('90', 'porro', '90');
INSERT INTO `photo_albums` (`id`, `name`, `user_id`) VALUES ('91', 'sit', '91');
INSERT INTO `photo_albums` (`id`, `name`, `user_id`) VALUES ('92', 'provident', '92');
INSERT INTO `photo_albums` (`id`, `name`, `user_id`) VALUES ('93', 'eaque', '93');
INSERT INTO `photo_albums` (`id`, `name`, `user_id`) VALUES ('94', 'rerum', '94');
INSERT INTO `photo_albums` (`id`, `name`, `user_id`) VALUES ('95', 'ab', '95');
INSERT INTO `photo_albums` (`id`, `name`, `user_id`) VALUES ('96', 'inventore', '96');
INSERT INTO `photo_albums` (`id`, `name`, `user_id`) VALUES ('97', 'et', '97');
INSERT INTO `photo_albums` (`id`, `name`, `user_id`) VALUES ('98', 'sunt', '98');
INSERT INTO `photo_albums` (`id`, `name`, `user_id`) VALUES ('99', 'aperiam', '99');
INSERT INTO `photo_albums` (`id`, `name`, `user_id`) VALUES ('100', 'ipsa', '100');

DROP TABLE IF EXISTS `photos`;

CREATE TABLE `photos` (
  `id` bigint(20) unsigned NOT NULL AUTO_INCREMENT,
  `album_id` bigint(20) unsigned NOT NULL,
  `media_id` bigint(20) unsigned NOT NULL,
  PRIMARY KEY (`id`),
  KEY `album_id` (`album_id`),
  KEY `media_id` (`media_id`),
  CONSTRAINT `photos_ibfk_1` FOREIGN KEY (`album_id`) REFERENCES `photo_albums` (`id`),
  CONSTRAINT `photos_ibfk_2` FOREIGN KEY (`media_id`) REFERENCES `media` (`id`)
) ENGINE=InnoDB AUTO_INCREMENT=101 DEFAULT CHARSET=utf8 COLLATE=utf8_unicode_ci;

INSERT INTO `photos` (`id`, `album_id`, `media_id`) VALUES ('1', '1', '1');
INSERT INTO `photos` (`id`, `album_id`, `media_id`) VALUES ('2', '2', '2');
INSERT INTO `photos` (`id`, `album_id`, `media_id`) VALUES ('3', '3', '3');
INSERT INTO `photos` (`id`, `album_id`, `media_id`) VALUES ('4', '4', '4');
INSERT INTO `photos` (`id`, `album_id`, `media_id`) VALUES ('5', '5', '5');
INSERT INTO `photos` (`id`, `album_id`, `media_id`) VALUES ('6', '6', '6');
INSERT INTO `photos` (`id`, `album_id`, `media_id`) VALUES ('7', '7', '7');
INSERT INTO `photos` (`id`, `album_id`, `media_id`) VALUES ('8', '8', '8');
INSERT INTO `photos` (`id`, `album_id`, `media_id`) VALUES ('9', '9', '9');
INSERT INTO `photos` (`id`, `album_id`, `media_id`) VALUES ('10', '10', '10');
INSERT INTO `photos` (`id`, `album_id`, `media_id`) VALUES ('11', '11', '11');
INSERT INTO `photos` (`id`, `album_id`, `media_id`) VALUES ('12', '12', '12');
INSERT INTO `photos` (`id`, `album_id`, `media_id`) VALUES ('13', '13', '13');
INSERT INTO `photos` (`id`, `album_id`, `media_id`) VALUES ('14', '14', '14');
INSERT INTO `photos` (`id`, `album_id`, `media_id`) VALUES ('15', '15', '15');
INSERT INTO `photos` (`id`, `album_id`, `media_id`) VALUES ('16', '16', '16');
INSERT INTO `photos` (`id`, `album_id`, `media_id`) VALUES ('17', '17', '17');
INSERT INTO `photos` (`id`, `album_id`, `media_id`) VALUES ('18', '18', '18');
INSERT INTO `photos` (`id`, `album_id`, `media_id`) VALUES ('19', '19', '19');
INSERT INTO `photos` (`id`, `album_id`, `media_id`) VALUES ('20', '20', '20');
INSERT INTO `photos` (`id`, `album_id`, `media_id`) VALUES ('21', '21', '21');
INSERT INTO `photos` (`id`, `album_id`, `media_id`) VALUES ('22', '22', '22');
INSERT INTO `photos` (`id`, `album_id`, `media_id`) VALUES ('23', '23', '23');
INSERT INTO `photos` (`id`, `album_id`, `media_id`) VALUES ('24', '24', '24');
INSERT INTO `photos` (`id`, `album_id`, `media_id`) VALUES ('25', '25', '25');
INSERT INTO `photos` (`id`, `album_id`, `media_id`) VALUES ('26', '26', '26');
INSERT INTO `photos` (`id`, `album_id`, `media_id`) VALUES ('27', '27', '27');
INSERT INTO `photos` (`id`, `album_id`, `media_id`) VALUES ('28', '28', '28');
INSERT INTO `photos` (`id`, `album_id`, `media_id`) VALUES ('29', '29', '29');
INSERT INTO `photos` (`id`, `album_id`, `media_id`) VALUES ('30', '30', '30');
INSERT INTO `photos` (`id`, `album_id`, `media_id`) VALUES ('31', '31', '31');
INSERT INTO `photos` (`id`, `album_id`, `media_id`) VALUES ('32', '32', '32');
INSERT INTO `photos` (`id`, `album_id`, `media_id`) VALUES ('33', '33', '33');
INSERT INTO `photos` (`id`, `album_id`, `media_id`) VALUES ('34', '34', '34');
INSERT INTO `photos` (`id`, `album_id`, `media_id`) VALUES ('35', '35', '35');
INSERT INTO `photos` (`id`, `album_id`, `media_id`) VALUES ('36', '36', '36');
INSERT INTO `photos` (`id`, `album_id`, `media_id`) VALUES ('37', '37', '37');
INSERT INTO `photos` (`id`, `album_id`, `media_id`) VALUES ('38', '38', '38');
INSERT INTO `photos` (`id`, `album_id`, `media_id`) VALUES ('39', '39', '39');
INSERT INTO `photos` (`id`, `album_id`, `media_id`) VALUES ('40', '40', '40');
INSERT INTO `photos` (`id`, `album_id`, `media_id`) VALUES ('41', '41', '41');
INSERT INTO `photos` (`id`, `album_id`, `media_id`) VALUES ('42', '42', '42');
INSERT INTO `photos` (`id`, `album_id`, `media_id`) VALUES ('43', '43', '43');
INSERT INTO `photos` (`id`, `album_id`, `media_id`) VALUES ('44', '44', '44');
INSERT INTO `photos` (`id`, `album_id`, `media_id`) VALUES ('45', '45', '45');
INSERT INTO `photos` (`id`, `album_id`, `media_id`) VALUES ('46', '46', '46');
INSERT INTO `photos` (`id`, `album_id`, `media_id`) VALUES ('47', '47', '47');
INSERT INTO `photos` (`id`, `album_id`, `media_id`) VALUES ('48', '48', '48');
INSERT INTO `photos` (`id`, `album_id`, `media_id`) VALUES ('49', '49', '49');
INSERT INTO `photos` (`id`, `album_id`, `media_id`) VALUES ('50', '50', '50');
INSERT INTO `photos` (`id`, `album_id`, `media_id`) VALUES ('51', '51', '51');
INSERT INTO `photos` (`id`, `album_id`, `media_id`) VALUES ('52', '52', '52');
INSERT INTO `photos` (`id`, `album_id`, `media_id`) VALUES ('53', '53', '53');
INSERT INTO `photos` (`id`, `album_id`, `media_id`) VALUES ('54', '54', '54');
INSERT INTO `photos` (`id`, `album_id`, `media_id`) VALUES ('55', '55', '55');
INSERT INTO `photos` (`id`, `album_id`, `media_id`) VALUES ('56', '56', '56');
INSERT INTO `photos` (`id`, `album_id`, `media_id`) VALUES ('57', '57', '57');
INSERT INTO `photos` (`id`, `album_id`, `media_id`) VALUES ('58', '58', '58');
INSERT INTO `photos` (`id`, `album_id`, `media_id`) VALUES ('59', '59', '59');
INSERT INTO `photos` (`id`, `album_id`, `media_id`) VALUES ('60', '60', '60');
INSERT INTO `photos` (`id`, `album_id`, `media_id`) VALUES ('61', '61', '61');
INSERT INTO `photos` (`id`, `album_id`, `media_id`) VALUES ('62', '62', '62');
INSERT INTO `photos` (`id`, `album_id`, `media_id`) VALUES ('63', '63', '63');
INSERT INTO `photos` (`id`, `album_id`, `media_id`) VALUES ('64', '64', '64');
INSERT INTO `photos` (`id`, `album_id`, `media_id`) VALUES ('65', '65', '65');
INSERT INTO `photos` (`id`, `album_id`, `media_id`) VALUES ('66', '66', '66');
INSERT INTO `photos` (`id`, `album_id`, `media_id`) VALUES ('67', '67', '67');
INSERT INTO `photos` (`id`, `album_id`, `media_id`) VALUES ('68', '68', '68');
INSERT INTO `photos` (`id`, `album_id`, `media_id`) VALUES ('69', '69', '69');
INSERT INTO `photos` (`id`, `album_id`, `media_id`) VALUES ('70', '70', '70');
INSERT INTO `photos` (`id`, `album_id`, `media_id`) VALUES ('71', '71', '71');
INSERT INTO `photos` (`id`, `album_id`, `media_id`) VALUES ('72', '72', '72');
INSERT INTO `photos` (`id`, `album_id`, `media_id`) VALUES ('73', '73', '73');
INSERT INTO `photos` (`id`, `album_id`, `media_id`) VALUES ('74', '74', '74');
INSERT INTO `photos` (`id`, `album_id`, `media_id`) VALUES ('75', '75', '75');
INSERT INTO `photos` (`id`, `album_id`, `media_id`) VALUES ('76', '76', '76');
INSERT INTO `photos` (`id`, `album_id`, `media_id`) VALUES ('77', '77', '77');
INSERT INTO `photos` (`id`, `album_id`, `media_id`) VALUES ('78', '78', '78');
INSERT INTO `photos` (`id`, `album_id`, `media_id`) VALUES ('79', '79', '79');
INSERT INTO `photos` (`id`, `album_id`, `media_id`) VALUES ('80', '80', '80');
INSERT INTO `photos` (`id`, `album_id`, `media_id`) VALUES ('81', '81', '81');
INSERT INTO `photos` (`id`, `album_id`, `media_id`) VALUES ('82', '82', '82');
INSERT INTO `photos` (`id`, `album_id`, `media_id`) VALUES ('83', '83', '83');
INSERT INTO `photos` (`id`, `album_id`, `media_id`) VALUES ('84', '84', '84');
INSERT INTO `photos` (`id`, `album_id`, `media_id`) VALUES ('85', '85', '85');
INSERT INTO `photos` (`id`, `album_id`, `media_id`) VALUES ('86', '86', '86');
INSERT INTO `photos` (`id`, `album_id`, `media_id`) VALUES ('87', '87', '87');
INSERT INTO `photos` (`id`, `album_id`, `media_id`) VALUES ('88', '88', '88');
INSERT INTO `photos` (`id`, `album_id`, `media_id`) VALUES ('89', '89', '89');
INSERT INTO `photos` (`id`, `album_id`, `media_id`) VALUES ('90', '90', '90');
INSERT INTO `photos` (`id`, `album_id`, `media_id`) VALUES ('91', '91', '91');
INSERT INTO `photos` (`id`, `album_id`, `media_id`) VALUES ('92', '92', '92');
INSERT INTO `photos` (`id`, `album_id`, `media_id`) VALUES ('93', '93', '93');
INSERT INTO `photos` (`id`, `album_id`, `media_id`) VALUES ('94', '94', '94');
INSERT INTO `photos` (`id`, `album_id`, `media_id`) VALUES ('95', '95', '95');
INSERT INTO `photos` (`id`, `album_id`, `media_id`) VALUES ('96', '96', '96');
INSERT INTO `photos` (`id`, `album_id`, `media_id`) VALUES ('97', '97', '97');
INSERT INTO `photos` (`id`, `album_id`, `media_id`) VALUES ('98', '98', '98');
INSERT INTO `photos` (`id`, `album_id`, `media_id`) VALUES ('99', '99', '99');
INSERT INTO `photos` (`id`, `album_id`, `media_id`) VALUES ('100', '100', '100');

